prompt,generated_text
Artificial Intelligence will improve education because,"Artificial Intelligence will improve education because it is faster, faster, quicker, faster, faster, faster, faster, faster.

I don't know what the world needs more of. I don't know what I want. I'm just telling you.

I love you.

And now my name is Mark Wilson.

My name is Mark Wilson.

But the world wants to know what you like to see.

It wants to know what you want to see.

And I want to make it possible for you to see that world.

"
Robots in hospitals can help doctors by,"Robots in hospitals can help doctors by delivering drugs that help treat more serious medical conditions.

""We are not saying that we will not be doing this, but there is a chance that this will happen, and that will not be happening.""

The UK's NHS is in crisis after a string of attacks in which patients have been stabbed and killed.

It has seen the number of people diagnosed with Type 2 diabetes increase from the same period in 2012 to 2015.

There have been 10 deaths in the UK in 2015, the largest in more than two decades, according to"
The future of machine learning depends on,"The future of machine learning depends on it. We need to think about what it will take to solve this problem.

The next step is to see how the next machine learning revolution will play out. This will be the next step in the evolution of machine learning.

If you have any questions, feel free to leave a comment below!

Related articles

Related articles:"
Generative AI is useful because,"Generative AI is useful because it makes the computation faster and more efficient. It provides an artificial intelligence that learns better at using data more efficiently.

The goal of this project is to create a single tool for developing effective and scalable Artificial Intelligence. This is a very different project from the ones we have been working on before, and it is much more involved in building the tools we have.

The goal of this project is to provide a single tool to analyze and optimize AI, and to share it with other researchers.

The goal is to create a tool to support artificial intelligence research"
Computer vision can be used in agriculture to,"Computer vision can be used in agriculture to improve food security, reduce the incidence of pests and even reduce pesticide use.

It is interesting to note that the United States had a large population of people who had a genetic abnormality that prevented them from making and eating food. A genetic abnormality is a genetic defect that causes a gene to fail, which can lead to a person being permanently deaf. This would cause a person to get an abnormal vision.

Another interesting aspect of the US is that they have the highest suicide rate in the world. The highest suicide rate comes from people who have"
