timestamp,source,class_name,confidence,x1,y1,x2,y2
2026-05-21 15:50:26,1-3-46-670589-33-1-63703718086120120200001-5487554579919763006_png_jpg.rf.9fd67251e99a47dbe83a5db6efe6c016.jpg,no_detection,0.0,,,,
2026-05-21 15:51:24,1-3-46-670589-33-1-63703718086120120200001-5487554579919763006_png_jpg.rf.9fd67251e99a47dbe83a5db6efe6c016.jpg,no_detection,0.0,,,,
2026-05-21 15:53:31,1-3-46-670589-33-1-63703718086120120200001-5487554579919763006_png_jpg.rf.9fd67251e99a47dbe83a5db6efe6c016.jpg,no_detection,0.0,,,,
2026-05-21 15:53:31,1-3-46-670589-33-1-63705534438365105500001-5275982036206127404_png_jpg.rf.365c4daf2b772012fe47e07b9daec86e.jpg,no_detection,0.0,,,,
2026-05-21 15:53:31,1-3-46-670589-33-1-63705540012666937300001-5673688970564737961_png_jpg.rf.15cca2fecc5f56865de3eb405476b90d.jpg,no_detection,0.0,,,,
2026-05-21 15:53:31,1-3-46-670589-33-1-63705542123217653900001-5305208767418446842_png_jpg.rf.d6f32a0ac819e4f2a870edfc1ce8079b.jpg,no_detection,0.0,,,,
2026-05-21 15:53:31,1-3-46-670589-33-1-63705542123253656000001-4874858110489948158_png_jpg.rf.d79767eb8378783858ea648a8852c859.jpg,Tas_Var,0.1244,88.83,213.28,111.69,231.14
2026-05-21 15:53:31,1-3-46-670589-33-1-63706052409136049800001-4885266517035478638_png_jpg.rf.403057fc6d27ba2b8a1020faf23ea6e8.jpg,no_detection,0.0,,,,
2026-05-21 15:53:31,1-3-46-670589-33-1-63708127596145343100001-4627297054586587945_png_jpg.rf.08b0ce91b3f33c2e333fa6b6a1fd3b19.jpg,no_detection,0.0,,,,
2026-05-21 15:53:31,1-3-46-670589-33-1-63709079072689291800001-4862263206834957747_png_jpg.rf.cd218d4ed600ad3b24e4af71077096bd.jpg,Tas_Var,0.1802,75.35,245.11,112.67,272.52
2026-05-21 15:53:31,1-3-46-670589-33-1-63709084528362338400001-4912820873516884035_png_jpg.rf.f90314744947b62d675720abfbabe788.jpg,no_detection,0.0,,,,
2026-05-21 15:53:31,1-3-46-670589-33-1-63711136318804220000001-5037705534676835423_png_jpg.rf.7548934bf8faa3895e23ab4416f079f2.jpg,no_detection,0.0,,,,
2026-05-21 15:53:31,1-3-46-670589-33-1-63711492298767054500001-4654753270740370732_png_jpg.rf.9c862fae8e8b3d20eaea4dfbc977e94c.jpg,no_detection,0.0,,,,
2026-05-21 15:53:31,1-3-46-670589-33-1-63711748853420141600001-4956861441945142931_png_jpg.rf.17718d33d3b046338870e2b5048ae1c4.jpg,no_detection,0.0,,,,
2026-05-21 15:53:31,1-3-46-670589-33-1-63712177173773843700001-5180703495942929996_png_jpg.rf.e93c041d68b6e726524f2d1344c079e8.jpg,no_detection,0.0,,,,
2026-05-21 15:53:31,1-3-46-670589-33-1-63712258135176571000001-4759577505848141624_png_jpg.rf.b91c88cd8bbc6074f8163a75d9c28d3b.jpg,no_detection,0.0,,,,
2026-05-21 15:53:31,1-3-46-670589-33-1-63712447732648726100001-5688637637398265537_png_jpg.rf.662c088ba8390b2f998e83343f885879.jpg,Tas_Var,0.2116,306.43,240.5,321.06,254.95
2026-05-21 15:53:31,1-3-46-670589-33-1-63712447732648726100001-5688637637398265537_png_jpg.rf.662c088ba8390b2f998e83343f885879.jpg,Tas_Var,0.2082,307.35,243.3,320.37,254.01
2026-05-21 15:53:31,1-3-46-670589-33-1-63712447732648726100001-5688637637398265537_png_jpg.rf.662c088ba8390b2f998e83343f885879.jpg,Tas_Var,0.1405,89.11,254.89,134.13,290.73
2026-05-21 15:53:31,1-3-46-670589-33-1-63713387527442829100001-4953850576413253802_png_jpg.rf.3c687e765595c73826990914236c246c.jpg,no_detection,0.0,,,,
2026-05-21 15:53:31,1-3-46-670589-33-1-63714693213822369100001-5303423760460200335_png_jpg.rf.129f870203e2dd30226016194e3eefc0.jpg,no_detection,0.0,,,,
2026-05-21 15:53:31,1-3-46-670589-33-1-63714778964016519000001-5315246250911861092_png_jpg.rf.7b9331ca2327df596e44e33250f8d3a5.jpg,Tas_Var,0.2009,266.72,175.77,308.08,229.46
2026-05-21 15:53:31,1-3-46-670589-33-1-63714785261606720600001-5297890145649776819_png_jpg.rf.b1d6426b485945c55414dc7f3a4f036f.jpg,Tas_Var,0.1183,119.6,88.29,137.49,102.98
2026-05-21 15:53:31,1-3-46-670589-33-1-63715282588651483300001-4633048094895900863_png_jpg.rf.4d767c1e9e382ff304d03230490bbf48.jpg,no_detection,0.0,,,,
2026-05-21 15:53:31,1-3-46-670589-33-1-63715282588697485900001-4980671363637353986_png_jpg.rf.942e6d1d8c91713ebd262b0d50ebc83b.jpg,no_detection,0.0,,,,
2026-05-21 15:53:31,1-3-46-670589-33-1-63715478193571367600001-5500741759278123745_png_jpg.rf.85bf8f585d53d6b1abf90e74571f652a.jpg,Tas_Var,0.1217,95.58,173.48,104.72,181.99
2026-05-21 15:53:31,1-3-46-670589-33-1-63716060912810080600001-5177371803856412349_png_jpg.rf.66595d72566632ecf83c25a66fbf0517.jpg,Tas_Var,0.1317,288.76,172.17,331.08,205.55
2026-05-21 15:53:31,1-3-46-670589-33-1-63716409318594992900001-4855160927526165509_png_jpg.rf.a9ef656189801fc51d430c16cdc0cfe6.jpg,no_detection,0.0,,,,
2026-05-21 15:53:31,1-3-46-670589-33-1-63716412431841060400001-5514887833163602186_png_jpg.rf.09b76879c6e61bf3e8de9ee6669c6654.jpg,no_detection,0.0,,,,
2026-05-21 15:53:31,1-3-46-670589-33-1-63716498031721668100001-4956700971682825541_png_jpg.rf.29537235066c7c0880560e2ddf9b706c.jpg,no_detection,0.0,,,,
2026-05-21 15:53:31,1-3-46-670589-33-1-63716499019405160400001-5458996708150830273_png_jpg.rf.ab62109cadfa41271f627c4b6d33bdf5.jpg,no_detection,0.0,,,,
2026-05-21 15:53:31,1-3-46-670589-33-1-63716506118862226100001-5296184705475439164_png_jpg.rf.df5142263bbbd253f72ffd9093361538.jpg,no_detection,0.0,,,,
2026-05-21 15:53:31,1-3-46-670589-33-1-63717093170609543600001-5475900208815646711_png_jpg.rf.c3b65a7eee4814452137303241df0602.jpg,no_detection,0.0,,,,
2026-05-21 15:53:31,1-3-46-670589-33-1-63717702095752440600001-4849669955451581367_png_jpg.rf.60bea159c3babe4188e6a7e7af9c1d83.jpg,no_detection,0.0,,,,
2026-05-21 15:53:32,1-3-46-670589-33-1-63717795419239238700001-5010543312669228864_png_jpg.rf.a5329a41a44e18f916c7e0d2ccdba442.jpg,no_detection,0.0,,,,
2026-05-21 15:53:32,1-3-46-670589-33-1-63718233702530473000001-4932089458327885764_png_jpg.rf.5d056a9fa419a38b3cf013c5a4acd9d6.jpg,no_detection,0.0,,,,
2026-05-21 15:53:32,1-3-46-670589-33-1-63718396246548937900001-4979904738055316795_png_jpg.rf.a8c37077a88165c7440a9174f4e7de43.jpg,no_detection,0.0,,,,
2026-05-21 15:53:32,1-3-46-670589-33-1-63720209448267540500001-4892102259156693508_png_jpg.rf.cae7de5a8012ca6a47e1a58e5cf754ac.jpg,no_detection,0.0,,,,
2026-05-21 15:53:32,1-3-46-670589-33-1-63724359033331543500001-4872003896315347521_png_jpg.rf.f6eea33aaf948523c2f84729b25a9e12.jpg,no_detection,0.0,,,,
2026-05-21 15:53:32,1-3-46-670589-33-1-63724531796428573400001-5583374326157765524_png_jpg.rf.6daa696645b8939906b76ec6a356485a.jpg,Tas_Var,0.1121,298.24,189.12,316.49,204.28
2026-05-21 15:53:32,1-3-46-670589-33-1-63724531796428573400001-5583374326157765524_png_jpg.rf.6daa696645b8939906b76ec6a356485a.jpg,Tas_Var,0.111,288.64,186.15,302.65,197.37
2026-05-21 15:53:32,1-3-46-670589-33-1-63726947282502574300001-4970319928017941413_png_jpg.rf.99af32963cd119463adc99e97594a21f.jpg,no_detection,0.0,,,,
2026-05-21 15:53:32,1-3-46-670589-33-1-63728083381661697400001-4679487026905507827_png_jpg.rf.5428fa1c2bbdb04a07cefeb9fdb0245a.jpg,no_detection,0.0,,,,
2026-05-21 15:53:32,1-3-46-670589-33-1-63733253864938749700001-4681200788163641056_png_jpg.rf.66ab082ae6de546b5dcec3741a10002d.jpg,no_detection,0.0,,,,
2026-05-21 15:53:32,1-3-46-670589-33-1-63733253865035755300001-4735710385933343151_png_jpg.rf.5125f3d832afdccaeacd077570d1c518.jpg,no_detection,0.0,,,,
2026-05-21 15:53:32,1-3-46-670589-33-1-63735369110917000400001-4789011592236734083_png_jpg.rf.5d1c4e7ed45b6ee6fdc806d0ba1eb045.jpg,no_detection,0.0,,,,
2026-05-21 15:53:32,1-3-46-670589-33-1-63735427803624058800001-4771913503464895901_png_jpg.rf.4689997f30a6d2dbf94a8d3b3fb49bf4.jpg,no_detection,0.0,,,,
2026-05-21 15:53:32,1-3-46-670589-33-1-63735865531690592300001-4898255826670355350_png_jpg.rf.1d51373e4d5a21447682d9c3188b17ea.jpg,Tas_Var,0.1025,107.91,175.14,119.72,183.96
2026-05-21 15:53:32,1-3-46-670589-33-1-63736458322797005700001-5208768444025627150_png_jpg.rf.c33a6719d4a112109220c81c365ecf92.jpg,no_detection,0.0,,,,
2026-05-21 15:53:32,1-3-46-670589-33-1-63736458322910012200001-5596777648389044571_png_jpg.rf.aa4bff6d522d54f8f2cba68374934eb7.jpg,no_detection,0.0,,,,
2026-05-21 15:53:32,1-3-46-670589-33-1-63737665951722101900001-4980416796139912950_png_jpg.rf.f353747c7833c71191e7c00c1e8766c2.jpg,no_detection,0.0,,,,
2026-05-21 15:53:32,1-3-46-670589-33-1-63737761963388615900001-5365329265867089579_png_jpg.rf.f25ba6213cde91356bf1c9dcef015536.jpg,no_detection,0.0,,,,
2026-05-21 15:53:32,1-3-46-670589-33-1-63738098194063336000001-5663074065567912123_png_jpg.rf.37b1dd022a096b834165ee6d6934f231.jpg,no_detection,0.0,,,,
2026-05-21 15:53:32,1-3-46-670589-33-1-63738185833351756200001-5564599162858324788_png_jpg.rf.43472de584051c332b482d37ffdbae81.jpg,no_detection,0.0,,,,
2026-05-21 15:53:32,1-3-46-670589-33-1-63738185833519765800001-5338777203487041753_png_jpg.rf.ffb224a50276c7fd005a9a63b11c03d7.jpg,no_detection,0.0,,,,
2026-05-21 15:53:32,1-3-46-670589-33-1-63738185833691775600001-5590086017766645144_png_jpg.rf.0a7f335f79875c15042c8609acefc081.jpg,no_detection,0.0,,,,
2026-05-21 15:53:32,1-3-46-670589-33-1-63738190974140792500001-4720089151456993587_png_jpg.rf.11473b32d8db11ef403f696b4344c4a9.jpg,Tas_Var,0.1421,119.46,288.05,137.43,303.96
2026-05-21 15:53:32,1-3-46-670589-33-1-63738356146609408000001-5713964260076015331_png_jpg.rf.2a3c2b59fbaf56a193d9f14dbb932dbb.jpg,Tas_Var,0.1178,132.51,215.55,151.76,229.27
2026-05-21 15:53:32,1-3-46-670589-33-1-63738356146648410200001-5599996945315430757_png_jpg.rf.be14f39eedc9a8124d7548385adc2e9e.jpg,Tas_Var,0.2001,132.02,212.96,153.15,230.79
2026-05-21 15:53:32,1-3-46-670589-33-1-63738370133490411800001-5404980644211618423_png_jpg.rf.3a09d97eaf51aa1d631864d196be4c8e.jpg,no_detection,0.0,,,,
2026-05-21 15:53:32,1-3-46-670589-33-1-63738371770518044400001-5249604505762831012_png_jpg.rf.f5fe8e3e350ad44695b18fdad5deecfa.jpg,no_detection,0.0,,,,
2026-05-21 15:53:32,1-3-46-670589-33-1-63738371770596048900001-4824455686483061274_png_jpg.rf.6188a819e2fb98eea23efbb9be751e79.jpg,no_detection,0.0,,,,
2026-05-21 15:53:32,1-3-46-670589-33-1-63738371770632051000001-5568393716624394208_png_jpg.rf.628a9ca8339eddd0fcfd4251406c2f2f.jpg,no_detection,0.0,,,,
2026-05-21 15:53:32,1-3-46-670589-33-1-63738371770669053100001-5253894092784862820_png_jpg.rf.755195eaaea732718c44d5ae55f48038.jpg,no_detection,0.0,,,,
2026-05-21 15:53:32,1-3-46-670589-33-1-63738372833265830100001-5268315040608780318_png_jpg.rf.a324465bc4148dd83006ed15e0014ab4.jpg,no_detection,0.0,,,,
2026-05-21 15:53:32,1-3-46-670589-33-1-63738372833373836300001-5519774372911833463_png_jpg.rf.188351529ff79195cc4a7f85e5249dae.jpg,no_detection,0.0,,,,
2026-05-21 15:53:32,1-3-46-670589-33-1-63738698345321539100001-5134515060150907763_png_jpg.rf.23d5086bb0af16ec18561b0747bba45e.jpg,no_detection,0.0,,,,
2026-05-21 15:53:32,1-3-46-670589-33-1-63738698345351540800001-4833200762892797527_png_jpg.rf.85a9e70dc89f0c6fb76804c9b99586bd.jpg,no_detection,0.0,,,,
2026-05-21 15:53:32,1-3-46-670589-33-1-63738698345419544700001-4764726950619361819_png_jpg.rf.97419e3eca99cb7413678fb1a7b743b2.jpg,no_detection,0.0,,,,
2026-05-21 15:53:33,1-3-46-670589-33-1-63738698345487548600001-5200702102842530817_png_jpg.rf.e0f4ffa8f9621e429e264cedb1d6cf11.jpg,no_detection,0.0,,,,
2026-05-21 15:53:33,1-3-46-670589-33-1-63738701495856739400001-5065202867097533816_png_jpg.rf.ced9aca5815aff9c5ed0bfc426d07fa9.jpg,no_detection,0.0,,,,
2026-05-21 15:53:33,1-3-46-670589-33-1-63738712076510918200001-4807005421736379114_png_jpg.rf.41d63d9c3438d6c9f04d09958d992e3e.jpg,no_detection,0.0,,,,
2026-05-21 15:53:33,1-3-46-670589-33-1-63738712076544920100001-5262560504645227519_png_jpg.rf.2256c712e5298fb1d068b9b5bd6b260f.jpg,no_detection,0.0,,,,
2026-05-21 15:53:33,1-3-46-670589-33-1-63738790795811795900001-5522258459602207098_png_jpg.rf.eb9d2068c9f992781bb9814fb156c9e4.jpg,no_detection,0.0,,,,
2026-05-21 15:53:33,1-3-46-670589-33-1-63738802300674836400001-5327638065247668022_png_jpg.rf.b2af98a9baeee013c0b25338cd109873.jpg,no_detection,0.0,,,,
2026-05-21 15:53:33,1-3-46-670589-33-1-63738957179044522400001-5409943715000019799_png_jpg.rf.2e53c9353b5d8b198b1ce0c679baad07.jpg,no_detection,0.0,,,,
2026-05-21 15:53:33,1-3-46-670589-33-1-63738957179074524100001-5408839826702883633_png_jpg.rf.22cd2cfe17608bd6192184e5427f4543.jpg,no_detection,0.0,,,,
2026-05-21 15:53:33,1-3-46-670589-33-1-63738962850935936000001-5585661387672826890_png_jpg.rf.84352e7d4390c45cf35e145194a23c63.jpg,Tas_Var,0.1219,60.07,287.04,78.16,303.6
2026-05-21 15:53:33,1-3-46-670589-33-1-63738962850935936000001-5585661387672826890_png_jpg.rf.84352e7d4390c45cf35e145194a23c63.jpg,Tas_Var,0.1112,64.3,245.56,107.18,283.57
2026-05-21 15:53:33,1-3-46-670589-33-1-63739062195410379400001-5653448602067015935_png_jpg.rf.98c0439158bf00599778b20933ad1ff9.jpg,no_detection,0.0,,,,
2026-05-21 15:53:33,1-3-46-670589-33-1-63739062195468382700001-5218664360642519214_png_jpg.rf.010f0c3970dd5d410cff3733975dab0d.jpg,no_detection,0.0,,,,
2026-05-21 15:53:33,1-3-46-670589-33-1-63739323961675419500001-4924993173499860596_png_jpg.rf.a0469746d691b54882df3b6bab1f572d.jpg,no_detection,0.0,,,,
2026-05-21 15:53:33,1-3-46-670589-33-1-63739323961724422300001-4739168711678747511_png_jpg.rf.dbeb5256691c7fb946003ceac0fa6a08.jpg,no_detection,0.0,,,,
2026-05-21 15:53:33,1-3-46-670589-33-1-63739391821497779300001-5433422355666233277_png_jpg.rf.4ee428144959e7af6db2cff013886aab.jpg,no_detection,0.0,,,,
2026-05-21 15:53:33,1-3-46-670589-33-1-63739391821525780900001-5108486655690178522_png_jpg.rf.4caf1c26455d6118d2aa8af9d7e3aa75.jpg,no_detection,0.0,,,,
2026-05-21 15:53:33,1-3-46-670589-33-1-63739476574564149600001-5439781160937608718_png_jpg.rf.9d41594a6d586bb6256b8b0ecf14c37a.jpg,no_detection,0.0,,,,
2026-05-21 15:53:33,1-3-46-670589-33-1-63739476574598151500001-4717916049937277621_png_jpg.rf.bdaff9165898dfefa7c60684fc2b0d4c.jpg,Tas_Var,0.1199,77.13,195.1,106.64,213.91
2026-05-21 15:53:33,1-3-46-670589-33-1-63740171276284352500001-5536100503549537984_png_jpg.rf.6c752f372102c35841b912700635b52c.jpg,no_detection,0.0,,,,
2026-05-21 15:53:33,1-3-46-670589-33-1-63740182336793977500001-5411618083031416674_png_jpg.rf.e5633e55c0ecfc3f3df68ae9cc6ac411.jpg,no_detection,0.0,,,,
2026-05-21 15:53:33,1-3-46-670589-33-1-63740603851327033200001-4922091647392565521_png_jpg.rf.bc80c50937c24b91dfea47c556fb48ee.jpg,no_detection,0.0,,,,
2026-05-21 15:53:33,1-3-46-670589-33-1-63740603851401037500001-5653962457778157128_png_jpg.rf.b445c412045a7ec8222fdc54adc5f966.jpg,no_detection,0.0,,,,
2026-05-21 15:53:33,1-3-46-670589-33-1-63740776755054623500001-5096250249767122026_png_jpg.rf.a6d8a3a084e145ba0c32c21f289e90e0.jpg,no_detection,0.0,,,,
2026-05-21 15:53:33,1-3-46-670589-33-1-63740776755089625500001-5715333660514809165_png_jpg.rf.cc64673ae8ce9ed7ba042d2717fa0056.jpg,Tas_Var,0.1248,303.59,257.59,323.21,274.88
2026-05-21 15:53:33,1-3-46-670589-33-1-63740863580145779300001-5738206214797884235_png_jpg.rf.813f84efb853afe1a7c011cfdbc5bfdb.jpg,no_detection,0.0,,,,
2026-05-21 15:53:33,1-3-46-670589-33-1-63740863580178781200001-5086422129430942692_png_jpg.rf.c140dab363dde8a657b4e0c672251779.jpg,no_detection,0.0,,,,
2026-05-21 15:53:33,1-3-46-670589-33-1-63740863580218783500001-5558521882885011993_png_jpg.rf.2fb14f6a674b0c7cb403f2b1e8da4215.jpg,no_detection,0.0,,,,
2026-05-21 15:53:33,1-3-46-670589-33-1-63740863580251785300001-5117110417075166265_png_jpg.rf.8d97967148ac132c7b84edf4a7a2cf99.jpg,no_detection,0.0,,,,
2026-05-21 15:53:33,1-3-46-670589-33-1-63741124799968194600001-5226103760366600348_png_jpg.rf.dd21b253d48ea5394c015dd3c4c7baa1.jpg,no_detection,0.0,,,,
2026-05-21 15:53:33,1-3-46-670589-33-1-63741124800042198800001-5620738533970805933_png_jpg.rf.4fcc14fc70278a025316a0bd3ac8c041.jpg,Tas_Var,0.2967,261.0,230.08,311.77,281.74
2026-05-21 15:53:33,1-3-46-670589-33-1-63741124800130203900001-5588831013201724390_png_jpg.rf.a6a8bd9fc7caa4bea7dbe463acc3e107.jpg,Tas_Var,0.1731,262.84,223.54,311.49,266.62
2026-05-21 15:53:33,1-3-46-670589-33-1-63741124800310214100001-4720519192278742503_png_jpg.rf.bbe6f1a7a488baad44ab26628b67b2c0.jpg,no_detection,0.0,,,,
2026-05-21 15:53:33,1-3-46-670589-33-1-63741124800443221800001-5082720743108815097_png_jpg.rf.2661995bf870c49d3af1255e0df65ed9.jpg,no_detection,0.0,,,,
2026-05-21 15:53:33,1-3-46-670589-33-1-63741210469363203700001-5207129079094969383_png_jpg.rf.80f02c0e92710147b575da5b1c8955a8.jpg,no_detection,0.0,,,,
2026-05-21 15:53:33,1-3-46-670589-33-1-63741294924210744700001-5683531657603489849_png_jpg.rf.aa3cbe8fe88c6f8a7ae446b2a75f3f92.jpg,no_detection,0.0,,,,
2026-05-21 15:53:33,1-3-46-670589-33-1-63741294924248746800001-5006117639889310336_png_jpg.rf.4d8cfc579a4e01ffc2e34e26bb4622f6.jpg,no_detection,0.0,,,,
2026-05-21 15:53:33,1-3-46-670589-33-1-63741294924341752200001-5737252104776306241_png_jpg.rf.c197a107f4dfd4e4687e24d668168a0a.jpg,no_detection,0.0,,,,
2026-05-21 15:53:33,1-3-46-670589-33-1-63741294924448758300001-5675975946400058540_png_jpg.rf.c5fa641bd708da4cd5a8ace3ecff0fef.jpg,no_detection,0.0,,,,
2026-05-21 15:53:33,1-3-46-670589-33-1-63741294924489760600001-5389065497535856101_png_jpg.rf.0a6c724d073923e3c678bcb59e79980c.jpg,no_detection,0.0,,,,
2026-05-21 15:53:34,1-3-46-670589-33-1-63741467279526392800001-4770571118760501971_png_jpg.rf.68ee22f61fbbb636a8586b24471c2690.jpg,Tas_Var,0.1871,273.56,252.7,314.36,295.34
2026-05-21 15:53:34,1-3-46-670589-33-1-63741467279569395300001-4987275607072780944_png_jpg.rf.e69a5d34ddb4075908185b3a8244a1d5.jpg,no_detection,0.0,,,,
2026-05-21 15:53:34,1-3-46-670589-33-1-63741736586529041200001-5705137549013784232_png_jpg.rf.5898be3563e8ee88ee98154d6be94a55.jpg,no_detection,0.0,,,,
2026-05-21 15:53:34,1-3-46-670589-33-1-63741736586601045300001-5653145914170335853_png_jpg.rf.1ddd466cdd9d53b1d230a680848d709e.jpg,no_detection,0.0,,,,
2026-05-21 15:53:34,1-3-46-670589-33-1-63741742547533991200001-4692411709729471462_png_jpg.rf.b367d9d12a074a9a2030e1a6761c702c.jpg,no_detection,0.0,,,,
2026-05-21 15:53:34,1-3-46-670589-33-1-63741742547563992900001-4813696569989847626_png_jpg.rf.d120dd9eb2922de504cdac0a020eec69.jpg,no_detection,0.0,,,,
2026-05-21 15:53:34,1-3-46-670589-33-1-63741807855851697400001-4668128765309155012_png_jpg.rf.d90c488d99c9f59fe506186cb73e51bb.jpg,no_detection,0.0,,,,
2026-05-21 15:53:34,1-3-46-670589-33-1-63741807855890699700001-4907588049082837513_png_jpg.rf.bdfab3beeb6f06e4a84bea1be29819fc.jpg,no_detection,0.0,,,,
2026-05-21 15:53:34,1-3-46-670589-33-1-63742411918650702800001-4846811686601840839_png_jpg.rf.c7fdec8546601c5e51e70a059148f2bf.jpg,no_detection,0.0,,,,
2026-05-21 15:53:34,1-3-46-670589-33-1-63742414253972275600001-5472557700106786954_png_jpg.rf.2eaff0bf29d5ec6f8728d7ea0c51a4a1.jpg,no_detection,0.0,,,,
2026-05-21 15:53:34,1-3-46-670589-33-1-63742414254071281200001-5199201186977930207_png_jpg.rf.3712dc035190e6f6f9770a51d306e040.jpg,no_detection,0.0,,,,
2026-05-21 15:53:34,1-3-46-670589-33-1-63742414254117283900001-5038436008074711175_png_jpg.rf.727256debe0b69a6b199349acf584ab0.jpg,Tas_Var,0.1028,78.71,231.44,90.83,241.34
2026-05-21 15:53:34,1-3-46-670589-33-1-63742414254175287200001-5117478622886794000_png_jpg.rf.ebca7f6aa7bb26247ad62d333baebc68.jpg,no_detection,0.0,,,,
2026-05-21 15:53:34,1-3-46-670589-33-1-63742500641013920000001-4736692753633727997_png_jpg.rf.25c7e0a9fe00ed38f512ddd6f63cf3cb.jpg,Tas_Var,0.1448,47.51,213.11,69.5,233.04
2026-05-21 15:53:34,1-3-46-670589-33-1-63742500641047921900001-5432446600076880623_png_jpg.rf.3980c6219cf1cfc92101f408bbd3a5aa.jpg,no_detection,0.0,,,,
2026-05-21 15:53:34,1-3-46-670589-33-1-63742678653846928000001-5308440518832031451_png_jpg.rf.115cdf761943a8faaa63e13139c24f56.jpg,no_detection,0.0,,,,
2026-05-21 15:53:34,1-3-46-670589-33-1-63742939456580448800001-4663254346399718819_png_jpg.rf.9c5d4e116bec0275104b14b3f7b5b10e.jpg,Tas_Var,0.1008,322.67,263.4,333.41,273.81
2026-05-21 15:53:34,1-3-46-670589-33-1-63742939456616450900001-5200753212886535539_png_jpg.rf.4c74939464255c6495fddb61d831df4f.jpg,no_detection,0.0,,,,
2026-05-21 15:53:34,1-3-46-670589-33-1-63742939456749458500001-4962227765358704856_png_jpg.rf.9e1bcdf85edc4c26b13e14e896cd7fae.jpg,Tas_Var,0.1164,319.22,245.49,330.42,255.23
2026-05-21 15:53:34,1-3-46-670589-33-1-63743022346943480100001-5056079291509312712_png_jpg.rf.04a78eccdbc86bc603e24d4b9224a27d.jpg,no_detection,0.0,,,,
2026-05-21 15:53:34,1-3-46-670589-33-1-63743022347069487300001-5100284836990062688_png_jpg.rf.a63070c6a45f65acabf6e15dbb645a92.jpg,no_detection,0.0,,,,
2026-05-21 16:27:48,1-3-46-670589-33-1-63703718086120120200001-5487554579919763006_png_jpg.rf.9fd67251e99a47dbe83a5db6efe6c016.jpg,Tas_Var,0.5149,110.47,222.42,121.62,233.53
2026-05-21 16:27:48,1-3-46-670589-33-1-63703718086120120200001-5487554579919763006_png_jpg.rf.9fd67251e99a47dbe83a5db6efe6c016.jpg,Tas_Var,0.384,103.07,229.58,113.13,237.18
2026-05-21 16:27:48,1-3-46-670589-33-1-63703718086120120200001-5487554579919763006_png_jpg.rf.9fd67251e99a47dbe83a5db6efe6c016.jpg,Tas_Var,0.29,122.71,233.8,129.5,239.72
2026-05-21 16:27:48,1-3-46-670589-33-1-63703718086120120200001-5487554579919763006_png_jpg.rf.9fd67251e99a47dbe83a5db6efe6c016.jpg,Tas_Var,0.1794,106.29,225.69,119.01,236.44
2026-05-21 16:27:48,1-3-46-670589-33-1-63703718086120120200001-5487554579919763006_png_jpg.rf.9fd67251e99a47dbe83a5db6efe6c016.jpg,Tas_Var,0.1546,110.04,229.78,118.35,237.01
2026-05-21 16:27:48,1-3-46-670589-33-1-63703718086120120200001-5487554579919763006_png_jpg.rf.9fd67251e99a47dbe83a5db6efe6c016.jpg,Tas_Var,0.5149,110.47,222.42,121.62,233.53
2026-05-21 16:27:48,1-3-46-670589-33-1-63703718086120120200001-5487554579919763006_png_jpg.rf.9fd67251e99a47dbe83a5db6efe6c016.jpg,Tas_Var,0.384,103.07,229.58,113.13,237.18
2026-05-21 16:27:48,1-3-46-670589-33-1-63703718086120120200001-5487554579919763006_png_jpg.rf.9fd67251e99a47dbe83a5db6efe6c016.jpg,Tas_Var,0.29,122.71,233.8,129.5,239.72
2026-05-21 16:27:48,1-3-46-670589-33-1-63703718086120120200001-5487554579919763006_png_jpg.rf.9fd67251e99a47dbe83a5db6efe6c016.jpg,Tas_Var,0.1794,106.29,225.69,119.01,236.44
2026-05-21 16:27:48,1-3-46-670589-33-1-63703718086120120200001-5487554579919763006_png_jpg.rf.9fd67251e99a47dbe83a5db6efe6c016.jpg,Tas_Var,0.1546,110.04,229.78,118.35,237.01
2026-05-21 16:27:48,1-3-46-670589-33-1-63705534438365105500001-5275982036206127404_png_jpg.rf.365c4daf2b772012fe47e07b9daec86e.jpg,Tas_Var,0.5418,289.03,245.83,312.76,263.1
2026-05-21 16:27:48,1-3-46-670589-33-1-63705534438365105500001-5275982036206127404_png_jpg.rf.365c4daf2b772012fe47e07b9daec86e.jpg,Tas_Var,0.2224,291.16,246.89,310.49,260.89
2026-05-21 16:27:48,1-3-46-670589-33-1-63705534438365105500001-5275982036206127404_png_jpg.rf.365c4daf2b772012fe47e07b9daec86e.jpg,Tas_Var,0.1383,294.43,248.97,311.33,261.08
2026-05-21 16:27:48,1-3-46-670589-33-1-63705540012666937300001-5673688970564737961_png_jpg.rf.15cca2fecc5f56865de3eb405476b90d.jpg,Tas_Var,0.531,83.22,155.62,97.65,167.89
2026-05-21 16:27:48,1-3-46-670589-33-1-63705542123217653900001-5305208767418446842_png_jpg.rf.d6f32a0ac819e4f2a870edfc1ce8079b.jpg,Tas_Var,0.6455,91.47,214.27,110.51,230.79
2026-05-21 16:27:48,1-3-46-670589-33-1-63705542123217653900001-5305208767418446842_png_jpg.rf.d6f32a0ac819e4f2a870edfc1ce8079b.jpg,Tas_Var,0.557,98.11,236.91,104.75,243.32
2026-05-21 16:27:48,1-3-46-670589-33-1-63705542123217653900001-5305208767418446842_png_jpg.rf.d6f32a0ac819e4f2a870edfc1ce8079b.jpg,Tas_Var,0.1834,96.96,245.37,105.14,250.73
2026-05-21 16:27:48,1-3-46-670589-33-1-63705542123253656000001-4874858110489948158_png_jpg.rf.d79767eb8378783858ea648a8852c859.jpg,Tas_Var,0.6579,91.39,215.24,109.5,230.33
2026-05-21 16:27:48,1-3-46-670589-33-1-63706052409136049800001-4885266517035478638_png_jpg.rf.403057fc6d27ba2b8a1020faf23ea6e8.jpg,Tas_Var,0.4822,156.31,280.41,167.07,289.01
2026-05-21 16:27:48,1-3-46-670589-33-1-63708127596145343100001-4627297054586587945_png_jpg.rf.08b0ce91b3f33c2e333fa6b6a1fd3b19.jpg,Tas_Var,0.645,260.07,219.97,271.47,230.07
2026-05-21 16:27:48,1-3-46-670589-33-1-63708127596145343100001-4627297054586587945_png_jpg.rf.08b0ce91b3f33c2e333fa6b6a1fd3b19.jpg,Tas_Var,0.5534,258.1,180.58,269.42,191.71
2026-05-21 16:27:48,1-3-46-670589-33-1-63708127596145343100001-4627297054586587945_png_jpg.rf.08b0ce91b3f33c2e333fa6b6a1fd3b19.jpg,Tas_Var,0.4972,249.32,214.48,257.93,221.34
2026-05-21 16:27:48,1-3-46-670589-33-1-63708127596145343100001-4627297054586587945_png_jpg.rf.08b0ce91b3f33c2e333fa6b6a1fd3b19.jpg,Tas_Var,0.2414,289.97,193.95,297.53,200.65
2026-05-21 16:27:48,1-3-46-670589-33-1-63709079072689291800001-4862263206834957747_png_jpg.rf.cd218d4ed600ad3b24e4af71077096bd.jpg,Tas_Var,0.863,80.51,250.33,107.81,276.09
2026-05-21 16:27:48,1-3-46-670589-33-1-63709084528362338400001-4912820873516884035_png_jpg.rf.f90314744947b62d675720abfbabe788.jpg,Tas_Var,0.607,314.7,209.89,329.57,222.12
2026-05-21 16:27:48,1-3-46-670589-33-1-63711136318804220000001-5037705534676835423_png_jpg.rf.7548934bf8faa3895e23ab4416f079f2.jpg,Tas_Var,0.6988,264.5,204.37,304.08,247.14
2026-05-21 16:27:48,1-3-46-670589-33-1-63711136318804220000001-5037705534676835423_png_jpg.rf.7548934bf8faa3895e23ab4416f079f2.jpg,Tas_Var,0.3437,284.93,246.04,298.23,255.26
2026-05-21 16:27:48,1-3-46-670589-33-1-63711492298767054500001-4654753270740370732_png_jpg.rf.9c862fae8e8b3d20eaea4dfbc977e94c.jpg,Tas_Var,0.7127,38.95,188.74,68.95,213.03
2026-05-21 16:27:48,1-3-46-670589-33-1-63711492298767054500001-4654753270740370732_png_jpg.rf.9c862fae8e8b3d20eaea4dfbc977e94c.jpg,Tas_Var,0.68,40.54,219.47,62.95,239.6
2026-05-21 16:27:48,1-3-46-670589-33-1-63711492298767054500001-4654753270740370732_png_jpg.rf.9c862fae8e8b3d20eaea4dfbc977e94c.jpg,Tas_Var,0.5774,72.91,205.99,87.64,217.59
2026-05-21 16:27:48,1-3-46-670589-33-1-63711492298767054500001-4654753270740370732_png_jpg.rf.9c862fae8e8b3d20eaea4dfbc977e94c.jpg,Tas_Var,0.5402,52.16,232.6,77.84,251.5
2026-05-21 16:27:48,1-3-46-670589-33-1-63711492298767054500001-4654753270740370732_png_jpg.rf.9c862fae8e8b3d20eaea4dfbc977e94c.jpg,Tas_Var,0.3443,187.89,26.4,197.18,33.98
2026-05-21 16:27:48,1-3-46-670589-33-1-63711492298767054500001-4654753270740370732_png_jpg.rf.9c862fae8e8b3d20eaea4dfbc977e94c.jpg,Tas_Var,0.337,70.94,204.75,89.37,218.32
2026-05-21 16:27:48,1-3-46-670589-33-1-63711492298767054500001-4654753270740370732_png_jpg.rf.9c862fae8e8b3d20eaea4dfbc977e94c.jpg,Tas_Var,0.3007,315.0,99.42,323.87,107.4
2026-05-21 16:27:48,1-3-46-670589-33-1-63711492298767054500001-4654753270740370732_png_jpg.rf.9c862fae8e8b3d20eaea4dfbc977e94c.jpg,Tas_Var,0.1036,53.19,234.4,76.05,249.02
2026-05-21 16:27:48,1-3-46-670589-33-1-63711748853420141600001-4956861441945142931_png_jpg.rf.17718d33d3b046338870e2b5048ae1c4.jpg,Tas_Var,0.4609,42.09,255.75,66.69,271.7
2026-05-21 16:27:48,1-3-46-670589-33-1-63711748853420141600001-4956861441945142931_png_jpg.rf.17718d33d3b046338870e2b5048ae1c4.jpg,Tas_Var,0.3953,37.15,245.54,46.84,252.19
2026-05-21 16:27:48,1-3-46-670589-33-1-63711748853420141600001-4956861441945142931_png_jpg.rf.17718d33d3b046338870e2b5048ae1c4.jpg,Tas_Var,0.3943,56.88,270.15,70.52,277.77
2026-05-21 16:27:48,1-3-46-670589-33-1-63711748853420141600001-4956861441945142931_png_jpg.rf.17718d33d3b046338870e2b5048ae1c4.jpg,Tas_Var,0.1469,53.8,269.29,72.68,279.72
2026-05-21 16:27:48,1-3-46-670589-33-1-63711748853420141600001-4956861441945142931_png_jpg.rf.17718d33d3b046338870e2b5048ae1c4.jpg,Tas_Var,0.1161,35.03,244.87,47.6,253.0
2026-05-21 16:27:48,1-3-46-670589-33-1-63711748853420141600001-4956861441945142931_png_jpg.rf.17718d33d3b046338870e2b5048ae1c4.jpg,Tas_Var,0.1002,38.69,253.63,70.02,272.8
2026-05-21 16:27:48,1-3-46-670589-33-1-63712177173773843700001-5180703495942929996_png_jpg.rf.e93c041d68b6e726524f2d1344c079e8.jpg,Tas_Var,0.7225,87.67,198.82,107.26,217.24
2026-05-21 16:27:48,1-3-46-670589-33-1-63712258135176571000001-4759577505848141624_png_jpg.rf.b91c88cd8bbc6074f8163a75d9c28d3b.jpg,Tas_Var,0.7622,253.31,138.57,271.89,155.59
2026-05-21 16:27:49,1-3-46-670589-33-1-63712447732648726100001-5688637637398265537_png_jpg.rf.662c088ba8390b2f998e83343f885879.jpg,Tas_Var,0.6626,308.37,242.91,319.86,254.03
2026-05-21 16:27:49,1-3-46-670589-33-1-63712447732648726100001-5688637637398265537_png_jpg.rf.662c088ba8390b2f998e83343f885879.jpg,Tas_Var,0.6419,92.51,203.47,136.76,257.8
2026-05-21 16:27:49,1-3-46-670589-33-1-63712447732648726100001-5688637637398265537_png_jpg.rf.662c088ba8390b2f998e83343f885879.jpg,Tas_Var,0.5714,88.06,255.7,136.44,289.21
2026-05-21 16:27:49,1-3-46-670589-33-1-63712447732648726100001-5688637637398265537_png_jpg.rf.662c088ba8390b2f998e83343f885879.jpg,Tas_Var,0.5212,83.37,228.03,93.88,238.48
2026-05-21 16:27:49,1-3-46-670589-33-1-63712447732648726100001-5688637637398265537_png_jpg.rf.662c088ba8390b2f998e83343f885879.jpg,Tas_Var,0.4133,272.18,240.71,280.48,248.04
2026-05-21 16:27:49,1-3-46-670589-33-1-63712447732648726100001-5688637637398265537_png_jpg.rf.662c088ba8390b2f998e83343f885879.jpg,Tas_Var,0.1659,306.26,242.42,321.22,254.8
2026-05-21 16:27:49,1-3-46-670589-33-1-63712447732648726100001-5688637637398265537_png_jpg.rf.662c088ba8390b2f998e83343f885879.jpg,Tas_Var,0.1407,85.49,230.14,100.56,249.3
2026-05-21 16:27:49,1-3-46-670589-33-1-63712447732648726100001-5688637637398265537_png_jpg.rf.662c088ba8390b2f998e83343f885879.jpg,Tas_Var,0.114,87.71,239.1,98.86,249.16
2026-05-21 16:27:49,1-3-46-670589-33-1-63713387527442829100001-4953850576413253802_png_jpg.rf.3c687e765595c73826990914236c246c.jpg,Tas_Var,0.4857,265.75,121.53,273.58,128.2
2026-05-21 16:27:49,1-3-46-670589-33-1-63713387527442829100001-4953850576413253802_png_jpg.rf.3c687e765595c73826990914236c246c.jpg,Tas_Var,0.184,108.27,179.55,116.38,185.79
2026-05-21 16:27:49,1-3-46-670589-33-1-63714693213822369100001-5303423760460200335_png_jpg.rf.129f870203e2dd30226016194e3eefc0.jpg,Tas_Var,0.4298,303.86,181.84,312.48,188.51
2026-05-21 16:27:49,1-3-46-670589-33-1-63714778964016519000001-5315246250911861092_png_jpg.rf.7b9331ca2327df596e44e33250f8d3a5.jpg,Tas_Var,0.5585,270.5,177.24,319.11,232.8
2026-05-21 16:27:49,1-3-46-670589-33-1-63714778964016519000001-5315246250911861092_png_jpg.rf.7b9331ca2327df596e44e33250f8d3a5.jpg,Tas_Var,0.2128,276.94,196.63,320.02,226.01
2026-05-21 16:27:49,1-3-46-670589-33-1-63714778964016519000001-5315246250911861092_png_jpg.rf.7b9331ca2327df596e44e33250f8d3a5.jpg,Tas_Var,0.1805,300.24,204.09,317.86,221.22
2026-05-21 16:27:49,1-3-46-670589-33-1-63714785261606720600001-5297890145649776819_png_jpg.rf.b1d6426b485945c55414dc7f3a4f036f.jpg,Tas_Var,0.6717,122.38,91.76,135.22,101.62
2026-05-21 16:27:49,1-3-46-670589-33-1-63715282588651483300001-4633048094895900863_png_jpg.rf.4d767c1e9e382ff304d03230490bbf48.jpg,Tas_Var,0.5197,281.42,177.16,289.81,184.47
2026-05-21 16:27:49,1-3-46-670589-33-1-63715282588697485900001-4980671363637353986_png_jpg.rf.942e6d1d8c91713ebd262b0d50ebc83b.jpg,Tas_Var,0.5219,296.76,167.16,304.74,174.54
2026-05-21 16:27:49,1-3-46-670589-33-1-63715282588697485900001-4980671363637353986_png_jpg.rf.942e6d1d8c91713ebd262b0d50ebc83b.jpg,Tas_Var,0.1123,297.02,166.63,306.41,175.14
2026-05-21 16:27:49,1-3-46-670589-33-1-63715478193571367600001-5500741759278123745_png_jpg.rf.85bf8f585d53d6b1abf90e74571f652a.jpg,Tas_Var,0.7156,103.08,175.63,120.08,191.52
2026-05-21 16:27:49,1-3-46-670589-33-1-63715478193571367600001-5500741759278123745_png_jpg.rf.85bf8f585d53d6b1abf90e74571f652a.jpg,Tas_Var,0.6484,96.51,173.85,104.21,180.63
2026-05-21 16:27:49,1-3-46-670589-33-1-63715478193571367600001-5500741759278123745_png_jpg.rf.85bf8f585d53d6b1abf90e74571f652a.jpg,Tas_Var,0.5833,103.86,191.99,113.94,202.22
2026-05-21 16:27:49,1-3-46-670589-33-1-63715478193571367600001-5500741759278123745_png_jpg.rf.85bf8f585d53d6b1abf90e74571f652a.jpg,Tas_Var,0.5308,91.39,182.15,98.54,188.02
2026-05-21 16:27:49,1-3-46-670589-33-1-63715478193571367600001-5500741759278123745_png_jpg.rf.85bf8f585d53d6b1abf90e74571f652a.jpg,Tas_Var,0.2263,104.87,176.12,119.37,188.81
2026-05-21 16:27:49,1-3-46-670589-33-1-63716060912810080600001-5177371803856412349_png_jpg.rf.66595d72566632ecf83c25a66fbf0517.jpg,Tas_Var,0.7049,296.81,175.66,324.09,201.93
2026-05-21 16:27:49,1-3-46-670589-33-1-63716409318594992900001-4855160927526165509_png_jpg.rf.a9ef656189801fc51d430c16cdc0cfe6.jpg,Tas_Var,0.597,243.84,117.39,336.51,234.27
2026-05-21 16:27:49,1-3-46-670589-33-1-63716409318594992900001-4855160927526165509_png_jpg.rf.a9ef656189801fc51d430c16cdc0cfe6.jpg,Tas_Var,0.5252,224.55,95.14,354.49,254.47
2026-05-21 16:27:49,1-3-46-670589-33-1-63716409318594992900001-4855160927526165509_png_jpg.rf.a9ef656189801fc51d430c16cdc0cfe6.jpg,Tas_Var,0.4419,235.52,94.38,341.21,199.61
2026-05-21 16:27:49,1-3-46-670589-33-1-63716409318594992900001-4855160927526165509_png_jpg.rf.a9ef656189801fc51d430c16cdc0cfe6.jpg,Tas_Var,0.4051,355.32,159.34,362.25,165.88
2026-05-21 16:27:49,1-3-46-670589-33-1-63716409318594992900001-4855160927526165509_png_jpg.rf.a9ef656189801fc51d430c16cdc0cfe6.jpg,Tas_Var,0.2189,235.58,97.39,330.16,164.2
2026-05-21 16:27:49,1-3-46-670589-33-1-63716409318594992900001-4855160927526165509_png_jpg.rf.a9ef656189801fc51d430c16cdc0cfe6.jpg,Tas_Var,0.1654,250.16,165.32,338.25,233.6
2026-05-21 16:27:49,1-3-46-670589-33-1-63716412431841060400001-5514887833163602186_png_jpg.rf.09b76879c6e61bf3e8de9ee6669c6654.jpg,Tas_Var,0.56,258.0,194.21,266.71,200.86
2026-05-21 16:27:49,1-3-46-670589-33-1-63716412431841060400001-5514887833163602186_png_jpg.rf.09b76879c6e61bf3e8de9ee6669c6654.jpg,Tas_Var,0.4623,260.53,177.35,270.65,184.93
2026-05-21 16:27:49,1-3-46-670589-33-1-63716412431841060400001-5514887833163602186_png_jpg.rf.09b76879c6e61bf3e8de9ee6669c6654.jpg,Tas_Var,0.4077,258.16,187.86,266.23,193.54
2026-05-21 16:27:49,1-3-46-670589-33-1-63716412431841060400001-5514887833163602186_png_jpg.rf.09b76879c6e61bf3e8de9ee6669c6654.jpg,Tas_Var,0.3853,270.15,184.25,278.84,191.84
2026-05-21 16:27:49,1-3-46-670589-33-1-63716412431841060400001-5514887833163602186_png_jpg.rf.09b76879c6e61bf3e8de9ee6669c6654.jpg,Tas_Var,0.1455,257.13,192.22,266.44,199.89
2026-05-21 16:27:49,1-3-46-670589-33-1-63716412431841060400001-5514887833163602186_png_jpg.rf.09b76879c6e61bf3e8de9ee6669c6654.jpg,Tas_Var,0.1111,268.46,185.04,277.97,192.67
2026-05-21 16:27:49,1-3-46-670589-33-1-63716498031721668100001-4956700971682825541_png_jpg.rf.29537235066c7c0880560e2ddf9b706c.jpg,Tas_Var,0.4966,119.08,220.57,128.67,228.95
2026-05-21 16:27:49,1-3-46-670589-33-1-63716498031721668100001-4956700971682825541_png_jpg.rf.29537235066c7c0880560e2ddf9b706c.jpg,Tas_Var,0.3222,112.73,211.63,121.11,218.47
2026-05-21 16:27:49,1-3-46-670589-33-1-63716498031721668100001-4956700971682825541_png_jpg.rf.29537235066c7c0880560e2ddf9b706c.jpg,Tas_Var,0.15,89.87,177.44,97.28,183.48
2026-05-21 16:27:49,1-3-46-670589-33-1-63716499019405160400001-5458996708150830273_png_jpg.rf.ab62109cadfa41271f627c4b6d33bdf5.jpg,Tas_Var,0.406,294.37,215.57,303.11,223.45
2026-05-21 16:27:49,1-3-46-670589-33-1-63716506118862226100001-5296184705475439164_png_jpg.rf.df5142263bbbd253f72ffd9093361538.jpg,Tas_Var,0.5423,61.51,169.21,74.37,180.05
2026-05-21 16:27:49,1-3-46-670589-33-1-63716506118862226100001-5296184705475439164_png_jpg.rf.df5142263bbbd253f72ffd9093361538.jpg,Tas_Var,0.534,69.23,184.47,82.19,194.69
2026-05-21 16:27:49,1-3-46-670589-33-1-63716506118862226100001-5296184705475439164_png_jpg.rf.df5142263bbbd253f72ffd9093361538.jpg,Tas_Var,0.1923,59.21,167.93,73.75,181.01
2026-05-21 16:27:49,1-3-46-670589-33-1-63717093170609543600001-5475900208815646711_png_jpg.rf.c3b65a7eee4814452137303241df0602.jpg,Tas_Var,0.4565,98.33,197.18,105.88,204.36
2026-05-21 16:27:49,1-3-46-670589-33-1-63717093170609543600001-5475900208815646711_png_jpg.rf.c3b65a7eee4814452137303241df0602.jpg,Tas_Var,0.1439,99.14,195.72,106.51,203.76
2026-05-21 16:27:49,1-3-46-670589-33-1-63717702095752440600001-4849669955451581367_png_jpg.rf.60bea159c3babe4188e6a7e7af9c1d83.jpg,Tas_Var,0.4017,256.1,130.69,264.65,136.89
2026-05-21 16:27:49,1-3-46-670589-33-1-63717702095752440600001-4849669955451581367_png_jpg.rf.60bea159c3babe4188e6a7e7af9c1d83.jpg,Tas_Var,0.281,254.72,130.21,263.23,136.63
2026-05-21 16:27:49,1-3-46-670589-33-1-63717702095752440600001-4849669955451581367_png_jpg.rf.60bea159c3babe4188e6a7e7af9c1d83.jpg,Tas_Var,0.1581,256.73,132.64,265.18,138.33
2026-05-21 16:27:49,1-3-46-670589-33-1-63717702095752440600001-4849669955451581367_png_jpg.rf.60bea159c3babe4188e6a7e7af9c1d83.jpg,Tas_Var,0.1391,253.87,127.62,261.71,133.95
2026-05-21 16:27:49,1-3-46-670589-33-1-63717795419239238700001-5010543312669228864_png_jpg.rf.a5329a41a44e18f916c7e0d2ccdba442.jpg,Tas_Var,0.6005,299.2,161.36,309.55,171.58
2026-05-21 16:27:49,1-3-46-670589-33-1-63718233702530473000001-4932089458327885764_png_jpg.rf.5d056a9fa419a38b3cf013c5a4acd9d6.jpg,Tas_Var,0.4199,290.95,206.23,298.06,211.88
2026-05-21 16:27:49,1-3-46-670589-33-1-63718396246548937900001-4979904738055316795_png_jpg.rf.a8c37077a88165c7440a9174f4e7de43.jpg,Tas_Var,0.5538,96.27,184.25,103.62,190.83
2026-05-21 16:27:49,1-3-46-670589-33-1-63720209448267540500001-4892102259156693508_png_jpg.rf.cae7de5a8012ca6a47e1a58e5cf754ac.jpg,Tas_Var,0.5979,293.22,172.38,302.1,179.75
2026-05-21 16:27:49,1-3-46-670589-33-1-63720209448267540500001-4892102259156693508_png_jpg.rf.cae7de5a8012ca6a47e1a58e5cf754ac.jpg,Tas_Var,0.3586,279.39,219.25,286.46,225.22
2026-05-21 16:27:49,1-3-46-670589-33-1-63720209448267540500001-4892102259156693508_png_jpg.rf.cae7de5a8012ca6a47e1a58e5cf754ac.jpg,Tas_Var,0.3213,279.79,220.24,287.75,226.84
2026-05-21 16:27:49,1-3-46-670589-33-1-63720209448267540500001-4892102259156693508_png_jpg.rf.cae7de5a8012ca6a47e1a58e5cf754ac.jpg,Tas_Var,0.3,289.03,203.0,296.13,208.81
2026-05-21 16:27:49,1-3-46-670589-33-1-63720209448267540500001-4892102259156693508_png_jpg.rf.cae7de5a8012ca6a47e1a58e5cf754ac.jpg,Tas_Var,0.1261,277.49,220.03,286.15,226.02
2026-05-21 16:27:49,1-3-46-670589-33-1-63720209448267540500001-4892102259156693508_png_jpg.rf.cae7de5a8012ca6a47e1a58e5cf754ac.jpg,Tas_Var,0.1236,98.63,216.78,106.91,222.44
2026-05-21 16:27:49,1-3-46-670589-33-1-63724359033331543500001-4872003896315347521_png_jpg.rf.f6eea33aaf948523c2f84729b25a9e12.jpg,Tas_Var,0.5308,265.45,163.13,278.74,173.76
2026-05-21 16:27:49,1-3-46-670589-33-1-63724359033331543500001-4872003896315347521_png_jpg.rf.f6eea33aaf948523c2f84729b25a9e12.jpg,Tas_Var,0.107,265.49,161.29,279.45,176.1
2026-05-21 16:27:49,1-3-46-670589-33-1-63724531796428573400001-5583374326157765524_png_jpg.rf.6daa696645b8939906b76ec6a356485a.jpg,Tas_Var,0.5721,300.33,190.93,315.7,203.07
2026-05-21 16:27:49,1-3-46-670589-33-1-63724531796428573400001-5583374326157765524_png_jpg.rf.6daa696645b8939906b76ec6a356485a.jpg,Tas_Var,0.5234,289.95,188.13,301.87,196.99
2026-05-21 16:27:49,1-3-46-670589-33-1-63724531796428573400001-5583374326157765524_png_jpg.rf.6daa696645b8939906b76ec6a356485a.jpg,Tas_Var,0.1914,291.58,187.38,303.73,199.17
2026-05-21 16:27:49,1-3-46-670589-33-1-63724531796428573400001-5583374326157765524_png_jpg.rf.6daa696645b8939906b76ec6a356485a.jpg,Tas_Var,0.1579,100.13,257.4,118.06,274.13
2026-05-21 16:27:49,1-3-46-670589-33-1-63724531796428573400001-5583374326157765524_png_jpg.rf.6daa696645b8939906b76ec6a356485a.jpg,Tas_Var,0.152,299.09,190.13,306.36,198.92
2026-05-21 16:27:49,1-3-46-670589-33-1-63724531796428573400001-5583374326157765524_png_jpg.rf.6daa696645b8939906b76ec6a356485a.jpg,Tas_Var,0.1364,289.68,186.13,303.73,196.46
2026-05-21 16:27:49,1-3-46-670589-33-1-63726947282502574300001-4970319928017941413_png_jpg.rf.99af32963cd119463adc99e97594a21f.jpg,Tas_Var,0.7529,95.44,194.18,113.73,211.5
2026-05-21 16:27:49,1-3-46-670589-33-1-63728083381661697400001-4679487026905507827_png_jpg.rf.5428fa1c2bbdb04a07cefeb9fdb0245a.jpg,Tas_Var,0.6473,94.15,198.69,114.14,215.73
2026-05-21 16:27:50,1-3-46-670589-33-1-63733253864938749700001-4681200788163641056_png_jpg.rf.66ab082ae6de546b5dcec3741a10002d.jpg,Tas_Var,0.5055,332.13,190.63,345.78,202.07
2026-05-21 16:27:50,1-3-46-670589-33-1-63733253865035755300001-4735710385933343151_png_jpg.rf.5125f3d832afdccaeacd077570d1c518.jpg,Tas_Var,0.4781,49.66,117.3,59.73,127.78
2026-05-21 16:27:50,1-3-46-670589-33-1-63733253865035755300001-4735710385933343151_png_jpg.rf.5125f3d832afdccaeacd077570d1c518.jpg,Tas_Var,0.2396,351.36,146.81,358.82,152.99
2026-05-21 16:27:50,1-3-46-670589-33-1-63735369110917000400001-4789011592236734083_png_jpg.rf.5d1c4e7ed45b6ee6fdc806d0ba1eb045.jpg,Tas_Var,0.4884,311.44,304.24,324.85,317.46
2026-05-21 16:27:50,1-3-46-670589-33-1-63735369110917000400001-4789011592236734083_png_jpg.rf.5d1c4e7ed45b6ee6fdc806d0ba1eb045.jpg,Tas_Var,0.2185,309.79,302.93,326.47,318.64
2026-05-21 16:27:50,1-3-46-670589-33-1-63735427803624058800001-4771913503464895901_png_jpg.rf.4689997f30a6d2dbf94a8d3b3fb49bf4.jpg,Tas_Var,0.6489,91.16,233.59,106.99,245.88
2026-05-21 16:27:50,1-3-46-670589-33-1-63735427803624058800001-4771913503464895901_png_jpg.rf.4689997f30a6d2dbf94a8d3b3fb49bf4.jpg,Tas_Var,0.4786,69.86,195.7,78.65,202.98
2026-05-21 16:27:50,1-3-46-670589-33-1-63735865531690592300001-4898255826670355350_png_jpg.rf.1d51373e4d5a21447682d9c3188b17ea.jpg,Tas_Var,0.5329,110.57,175.61,119.53,183.8
2026-05-21 16:27:50,1-3-46-670589-33-1-63735865531690592300001-4898255826670355350_png_jpg.rf.1d51373e4d5a21447682d9c3188b17ea.jpg,Tas_Var,0.2617,110.68,174.92,121.16,184.75
2026-05-21 16:27:50,1-3-46-670589-33-1-63736458322797005700001-5208768444025627150_png_jpg.rf.c33a6719d4a112109220c81c365ecf92.jpg,Tas_Var,0.5753,297.98,208.68,307.1,216.48
2026-05-21 16:27:50,1-3-46-670589-33-1-63736458322797005700001-5208768444025627150_png_jpg.rf.c33a6719d4a112109220c81c365ecf92.jpg,Tas_Var,0.1303,297.67,207.09,308.87,216.87
2026-05-21 16:27:50,1-3-46-670589-33-1-63736458322910012200001-5596777648389044571_png_jpg.rf.aa4bff6d522d54f8f2cba68374934eb7.jpg,Tas_Var,0.5229,279.24,185.17,289.57,194.62
2026-05-21 16:27:50,1-3-46-670589-33-1-63737665951722101900001-4980416796139912950_png_jpg.rf.f353747c7833c71191e7c00c1e8766c2.jpg,Tas_Var,0.5729,78.74,178.09,106.15,196.36
2026-05-21 16:27:50,1-3-46-670589-33-1-63737665951722101900001-4980416796139912950_png_jpg.rf.f353747c7833c71191e7c00c1e8766c2.jpg,Tas_Var,0.209,72.08,182.16,81.19,190.41
2026-05-21 16:27:50,1-3-46-670589-33-1-63737665951722101900001-4980416796139912950_png_jpg.rf.f353747c7833c71191e7c00c1e8766c2.jpg,Tas_Var,0.1539,71.54,179.86,80.57,187.16
2026-05-21 16:27:50,1-3-46-670589-33-1-63737665951722101900001-4980416796139912950_png_jpg.rf.f353747c7833c71191e7c00c1e8766c2.jpg,Tas_Var,0.104,72.09,180.28,86.09,193.34
2026-05-21 16:27:50,1-3-46-670589-33-1-63737761963388615900001-5365329265867089579_png_jpg.rf.f25ba6213cde91356bf1c9dcef015536.jpg,Tas_Var,0.5195,92.03,264.48,105.06,273.93
2026-05-21 16:27:50,1-3-46-670589-33-1-63737761963388615900001-5365329265867089579_png_jpg.rf.f25ba6213cde91356bf1c9dcef015536.jpg,Tas_Var,0.1253,89.74,263.02,107.85,275.45
2026-05-21 16:27:50,1-3-46-670589-33-1-63738098194063336000001-5663074065567912123_png_jpg.rf.37b1dd022a096b834165ee6d6934f231.jpg,Tas_Var,0.5039,67.49,305.53,103.19,320.0
2026-05-21 16:27:50,1-3-46-670589-33-1-63738098194063336000001-5663074065567912123_png_jpg.rf.37b1dd022a096b834165ee6d6934f231.jpg,Tas_Var,0.3128,69.06,299.39,91.42,310.6
2026-05-21 16:27:50,1-3-46-670589-33-1-63738098194063336000001-5663074065567912123_png_jpg.rf.37b1dd022a096b834165ee6d6934f231.jpg,Tas_Var,0.3048,67.44,298.67,104.64,320.0
2026-05-21 16:27:50,1-3-46-670589-33-1-63738098194063336000001-5663074065567912123_png_jpg.rf.37b1dd022a096b834165ee6d6934f231.jpg,Tas_Var,0.1073,69.05,300.01,99.3,313.84
2026-05-21 16:27:50,1-3-46-670589-33-1-63738185833351756200001-5564599162858324788_png_jpg.rf.43472de584051c332b482d37ffdbae81.jpg,Tas_Var,0.2739,303.69,246.28,311.29,252.34
2026-05-21 16:27:50,1-3-46-670589-33-1-63738185833351756200001-5564599162858324788_png_jpg.rf.43472de584051c332b482d37ffdbae81.jpg,Tas_Var,0.242,308.91,245.25,318.1,251.5
2026-05-21 16:27:50,1-3-46-670589-33-1-63738185833351756200001-5564599162858324788_png_jpg.rf.43472de584051c332b482d37ffdbae81.jpg,Tas_Var,0.1899,305.19,245.65,315.64,252.17
2026-05-21 16:27:50,1-3-46-670589-33-1-63738185833351756200001-5564599162858324788_png_jpg.rf.43472de584051c332b482d37ffdbae81.jpg,Tas_Var,0.1884,258.24,234.95,275.3,254.91
2026-05-21 16:27:50,1-3-46-670589-33-1-63738185833351756200001-5564599162858324788_png_jpg.rf.43472de584051c332b482d37ffdbae81.jpg,Tas_Var,0.146,306.46,244.76,317.77,252.07
2026-05-21 16:27:50,1-3-46-670589-33-1-63738185833519765800001-5338777203487041753_png_jpg.rf.ffb224a50276c7fd005a9a63b11c03d7.jpg,Tas_Var,0.502,308.54,244.19,319.0,252.81
2026-05-21 16:27:50,1-3-46-670589-33-1-63738185833519765800001-5338777203487041753_png_jpg.rf.ffb224a50276c7fd005a9a63b11c03d7.jpg,Tas_Var,0.2231,307.37,242.82,320.19,254.34
2026-05-21 16:27:50,1-3-46-670589-33-1-63738185833691775600001-5590086017766645144_png_jpg.rf.0a7f335f79875c15042c8609acefc081.jpg,Tas_Var,0.3751,335.38,211.19,343.59,218.13
2026-05-21 16:27:50,1-3-46-670589-33-1-63738185833691775600001-5590086017766645144_png_jpg.rf.0a7f335f79875c15042c8609acefc081.jpg,Tas_Var,0.3484,318.34,234.3,328.29,241.16
2026-05-21 16:27:50,1-3-46-670589-33-1-63738185833691775600001-5590086017766645144_png_jpg.rf.0a7f335f79875c15042c8609acefc081.jpg,Tas_Var,0.3379,313.31,237.54,320.3,242.98
2026-05-21 16:27:50,1-3-46-670589-33-1-63738185833691775600001-5590086017766645144_png_jpg.rf.0a7f335f79875c15042c8609acefc081.jpg,Tas_Var,0.1735,315.94,235.33,327.88,242.29
2026-05-21 16:27:50,1-3-46-670589-33-1-63738190974140792500001-4720089151456993587_png_jpg.rf.11473b32d8db11ef403f696b4344c4a9.jpg,Tas_Var,0.557,121.49,290.31,135.38,303.03
2026-05-21 16:27:50,1-3-46-670589-33-1-63738190974140792500001-4720089151456993587_png_jpg.rf.11473b32d8db11ef403f696b4344c4a9.jpg,Tas_Var,0.1978,207.81,190.21,216.51,198.46
2026-05-21 16:27:50,1-3-46-670589-33-1-63738190974140792500001-4720089151456993587_png_jpg.rf.11473b32d8db11ef403f696b4344c4a9.jpg,Tas_Var,0.1963,119.94,288.65,138.75,304.04
2026-05-21 16:27:50,1-3-46-670589-33-1-63738356146609408000001-5713964260076015331_png_jpg.rf.2a3c2b59fbaf56a193d9f14dbb932dbb.jpg,Tas_Var,0.5312,135.21,217.96,149.79,228.93
2026-05-21 16:27:50,1-3-46-670589-33-1-63738356146648410200001-5599996945315430757_png_jpg.rf.be14f39eedc9a8124d7548385adc2e9e.jpg,Tas_Var,0.7221,134.0,214.87,151.26,229.76
2026-05-21 16:27:50,1-3-46-670589-33-1-63738370133490411800001-5404980644211618423_png_jpg.rf.3a09d97eaf51aa1d631864d196be4c8e.jpg,Tas_Var,0.4006,305.6,215.14,319.78,226.56
2026-05-21 16:27:50,1-3-46-670589-33-1-63738370133490411800001-5404980644211618423_png_jpg.rf.3a09d97eaf51aa1d631864d196be4c8e.jpg,Tas_Var,0.3966,89.15,126.45,99.3,134.83
2026-05-21 16:27:50,1-3-46-670589-33-1-63738370133490411800001-5404980644211618423_png_jpg.rf.3a09d97eaf51aa1d631864d196be4c8e.jpg,Tas_Var,0.3679,93.21,213.82,102.43,220.2
2026-05-21 16:27:50,1-3-46-670589-33-1-63738370133490411800001-5404980644211618423_png_jpg.rf.3a09d97eaf51aa1d631864d196be4c8e.jpg,Tas_Var,0.2016,302.79,213.77,320.43,227.67
2026-05-21 16:27:50,1-3-46-670589-33-1-63738370133490411800001-5404980644211618423_png_jpg.rf.3a09d97eaf51aa1d631864d196be4c8e.jpg,Tas_Var,0.1326,286.07,116.37,292.58,121.78
2026-05-21 16:27:50,1-3-46-670589-33-1-63738371770518044400001-5249604505762831012_png_jpg.rf.f5fe8e3e350ad44695b18fdad5deecfa.jpg,Tas_Var,0.7077,89.23,226.84,110.99,245.14
2026-05-21 16:27:50,1-3-46-670589-33-1-63738371770518044400001-5249604505762831012_png_jpg.rf.f5fe8e3e350ad44695b18fdad5deecfa.jpg,Tas_Var,0.5315,305.81,199.37,312.59,205.42
2026-05-21 16:27:50,1-3-46-670589-33-1-63738371770518044400001-5249604505762831012_png_jpg.rf.f5fe8e3e350ad44695b18fdad5deecfa.jpg,Tas_Var,0.4092,259.25,206.43,267.09,212.31
2026-05-21 16:27:50,1-3-46-670589-33-1-63738371770518044400001-5249604505762831012_png_jpg.rf.f5fe8e3e350ad44695b18fdad5deecfa.jpg,Tas_Var,0.2694,261.65,235.38,275.3,244.52
2026-05-21 16:27:50,1-3-46-670589-33-1-63738371770518044400001-5249604505762831012_png_jpg.rf.f5fe8e3e350ad44695b18fdad5deecfa.jpg,Tas_Var,0.2509,274.27,238.79,283.92,245.94
2026-05-21 16:27:50,1-3-46-670589-33-1-63738371770518044400001-5249604505762831012_png_jpg.rf.f5fe8e3e350ad44695b18fdad5deecfa.jpg,Tas_Var,0.1937,260.17,205.67,267.92,212.11
2026-05-21 16:27:50,1-3-46-670589-33-1-63738371770518044400001-5249604505762831012_png_jpg.rf.f5fe8e3e350ad44695b18fdad5deecfa.jpg,Tas_Var,0.1883,273.56,245.77,284.4,252.88
2026-05-21 16:27:50,1-3-46-670589-33-1-63738371770518044400001-5249604505762831012_png_jpg.rf.f5fe8e3e350ad44695b18fdad5deecfa.jpg,Tas_Var,0.1232,273.31,238.45,285.07,251.98
2026-05-21 16:27:50,1-3-46-670589-33-1-63738371770596048900001-4824455686483061274_png_jpg.rf.6188a819e2fb98eea23efbb9be751e79.jpg,Tas_Var,0.7173,87.32,233.29,106.45,251.25
2026-05-21 16:27:50,1-3-46-670589-33-1-63738371770596048900001-4824455686483061274_png_jpg.rf.6188a819e2fb98eea23efbb9be751e79.jpg,Tas_Var,0.6962,271.45,223.44,286.61,239.6
2026-05-21 16:27:50,1-3-46-670589-33-1-63738371770596048900001-4824455686483061274_png_jpg.rf.6188a819e2fb98eea23efbb9be751e79.jpg,Tas_Var,0.678,272.84,243.57,293.15,261.31
2026-05-21 16:27:50,1-3-46-670589-33-1-63738371770632051000001-5568393716624394208_png_jpg.rf.628a9ca8339eddd0fcfd4251406c2f2f.jpg,Tas_Var,0.707,269.0,223.13,292.24,245.05
2026-05-21 16:27:50,1-3-46-670589-33-1-63738371770632051000001-5568393716624394208_png_jpg.rf.628a9ca8339eddd0fcfd4251406c2f2f.jpg,Tas_Var,0.5811,94.17,236.88,104.39,246.98
2026-05-21 16:27:50,1-3-46-670589-33-1-63738371770632051000001-5568393716624394208_png_jpg.rf.628a9ca8339eddd0fcfd4251406c2f2f.jpg,Tas_Var,0.1938,275.25,230.86,291.26,246.17
2026-05-21 16:27:50,1-3-46-670589-33-1-63738371770632051000001-5568393716624394208_png_jpg.rf.628a9ca8339eddd0fcfd4251406c2f2f.jpg,Tas_Var,0.1608,91.87,236.8,106.1,247.64
2026-05-21 16:27:50,1-3-46-670589-33-1-63738371770669053100001-5253894092784862820_png_jpg.rf.755195eaaea732718c44d5ae55f48038.jpg,Tas_Var,0.5803,269.87,234.19,280.13,243.14
2026-05-21 16:27:50,1-3-46-670589-33-1-63738371770669053100001-5253894092784862820_png_jpg.rf.755195eaaea732718c44d5ae55f48038.jpg,Tas_Var,0.5325,272.09,225.27,292.56,245.3
2026-05-21 16:27:50,1-3-46-670589-33-1-63738371770669053100001-5253894092784862820_png_jpg.rf.755195eaaea732718c44d5ae55f48038.jpg,Tas_Var,0.5093,273.15,225.36,289.02,239.49
2026-05-21 16:27:50,1-3-46-670589-33-1-63738371770669053100001-5253894092784862820_png_jpg.rf.755195eaaea732718c44d5ae55f48038.jpg,Tas_Var,0.412,270.05,226.71,288.98,244.98
2026-05-21 16:27:50,1-3-46-670589-33-1-63738371770669053100001-5253894092784862820_png_jpg.rf.755195eaaea732718c44d5ae55f48038.jpg,Tas_Var,0.4038,272.87,225.59,286.77,234.32
2026-05-21 16:27:50,1-3-46-670589-33-1-63738371770669053100001-5253894092784862820_png_jpg.rf.755195eaaea732718c44d5ae55f48038.jpg,Tas_Var,0.3339,250.03,200.55,257.77,206.74
2026-05-21 16:27:50,1-3-46-670589-33-1-63738371770669053100001-5253894092784862820_png_jpg.rf.755195eaaea732718c44d5ae55f48038.jpg,Tas_Var,0.3098,282.71,231.42,293.98,241.67
2026-05-21 16:27:50,1-3-46-670589-33-1-63738371770669053100001-5253894092784862820_png_jpg.rf.755195eaaea732718c44d5ae55f48038.jpg,Tas_Var,0.288,276.48,235.78,287.81,244.81
2026-05-21 16:27:50,1-3-46-670589-33-1-63738371770669053100001-5253894092784862820_png_jpg.rf.755195eaaea732718c44d5ae55f48038.jpg,Tas_Var,0.2545,281.63,240.04,289.73,246.15
2026-05-21 16:27:50,1-3-46-670589-33-1-63738371770669053100001-5253894092784862820_png_jpg.rf.755195eaaea732718c44d5ae55f48038.jpg,Tas_Var,0.2119,280.3,239.03,291.09,246.19
2026-05-21 16:27:50,1-3-46-670589-33-1-63738372833265830100001-5268315040608780318_png_jpg.rf.a324465bc4148dd83006ed15e0014ab4.jpg,Tas_Var,0.6661,112.93,286.25,125.89,299.8
2026-05-21 16:27:50,1-3-46-670589-33-1-63738372833265830100001-5268315040608780318_png_jpg.rf.a324465bc4148dd83006ed15e0014ab4.jpg,Tas_Var,0.1701,111.87,285.09,127.98,301.43
2026-05-21 16:27:50,1-3-46-670589-33-1-63738372833373836300001-5519774372911833463_png_jpg.rf.188351529ff79195cc4a7f85e5249dae.jpg,Tas_Var,0.566,314.8,297.75,328.16,309.75
2026-05-21 16:27:51,1-3-46-670589-33-1-63738698345321539100001-5134515060150907763_png_jpg.rf.23d5086bb0af16ec18561b0747bba45e.jpg,Tas_Var,0.4312,285.86,242.81,294.77,250.14
2026-05-21 16:27:51,1-3-46-670589-33-1-63738698345321539100001-5134515060150907763_png_jpg.rf.23d5086bb0af16ec18561b0747bba45e.jpg,Tas_Var,0.3882,289.02,249.87,298.45,256.36
2026-05-21 16:27:51,1-3-46-670589-33-1-63738698345321539100001-5134515060150907763_png_jpg.rf.23d5086bb0af16ec18561b0747bba45e.jpg,Tas_Var,0.1958,286.97,249.3,297.31,254.74
2026-05-21 16:27:51,1-3-46-670589-33-1-63738698345321539100001-5134515060150907763_png_jpg.rf.23d5086bb0af16ec18561b0747bba45e.jpg,Tas_Var,0.1735,286.65,247.55,297.21,255.95
2026-05-21 16:27:51,1-3-46-670589-33-1-63738698345321539100001-5134515060150907763_png_jpg.rf.23d5086bb0af16ec18561b0747bba45e.jpg,Tas_Var,0.1653,287.15,242.0,296.34,250.57
2026-05-21 16:27:51,1-3-46-670589-33-1-63738698345321539100001-5134515060150907763_png_jpg.rf.23d5086bb0af16ec18561b0747bba45e.jpg,Tas_Var,0.146,288.26,248.66,299.55,257.14
2026-05-21 16:27:51,1-3-46-670589-33-1-63738698345321539100001-5134515060150907763_png_jpg.rf.23d5086bb0af16ec18561b0747bba45e.jpg,Tas_Var,0.1359,284.36,243.98,295.13,251.45
2026-05-21 16:27:51,1-3-46-670589-33-1-63738698345351540800001-4833200762892797527_png_jpg.rf.85a9e70dc89f0c6fb76804c9b99586bd.jpg,Tas_Var,0.5512,285.84,240.09,295.94,250.73
2026-05-21 16:27:51,1-3-46-670589-33-1-63738698345351540800001-4833200762892797527_png_jpg.rf.85a9e70dc89f0c6fb76804c9b99586bd.jpg,Tas_Var,0.4227,86.63,250.55,94.43,256.6
2026-05-21 16:27:51,1-3-46-670589-33-1-63738698345351540800001-4833200762892797527_png_jpg.rf.85a9e70dc89f0c6fb76804c9b99586bd.jpg,Tas_Var,0.2346,285.39,238.82,297.61,251.94
2026-05-21 16:27:51,1-3-46-670589-33-1-63738698345351540800001-4833200762892797527_png_jpg.rf.85a9e70dc89f0c6fb76804c9b99586bd.jpg,Tas_Var,0.1805,88.31,250.27,95.13,256.42
2026-05-21 16:27:51,1-3-46-670589-33-1-63738698345419544700001-4764726950619361819_png_jpg.rf.97419e3eca99cb7413678fb1a7b743b2.jpg,Tas_Var,0.5403,289.2,195.07,300.49,203.93
2026-05-21 16:27:51,1-3-46-670589-33-1-63738698345419544700001-4764726950619361819_png_jpg.rf.97419e3eca99cb7413678fb1a7b743b2.jpg,Tas_Var,0.4572,281.8,196.25,289.88,203.77
2026-05-21 16:27:51,1-3-46-670589-33-1-63738698345419544700001-4764726950619361819_png_jpg.rf.97419e3eca99cb7413678fb1a7b743b2.jpg,Tas_Var,0.2178,281.52,195.22,300.48,204.4
2026-05-21 16:27:51,1-3-46-670589-33-1-63738698345487548600001-5200702102842530817_png_jpg.rf.e0f4ffa8f9621e429e264cedb1d6cf11.jpg,Tas_Var,0.6125,292.22,179.0,302.05,186.99
2026-05-21 16:27:51,1-3-46-670589-33-1-63738701495856739400001-5065202867097533816_png_jpg.rf.ced9aca5815aff9c5ed0bfc426d07fa9.jpg,Tas_Var,0.4669,92.31,163.93,104.37,173.09
2026-05-21 16:27:51,1-3-46-670589-33-1-63738701495856739400001-5065202867097533816_png_jpg.rf.ced9aca5815aff9c5ed0bfc426d07fa9.jpg,Tas_Var,0.3434,89.68,162.71,103.98,172.37
2026-05-21 16:27:51,1-3-46-670589-33-1-63738701495856739400001-5065202867097533816_png_jpg.rf.ced9aca5815aff9c5ed0bfc426d07fa9.jpg,Tas_Var,0.3134,88.35,161.46,96.06,168.06
2026-05-21 16:27:51,1-3-46-670589-33-1-63738701495856739400001-5065202867097533816_png_jpg.rf.ced9aca5815aff9c5ed0bfc426d07fa9.jpg,Tas_Var,0.2346,88.18,161.73,99.34,169.38
2026-05-21 16:27:51,1-3-46-670589-33-1-63738712076510918200001-4807005421736379114_png_jpg.rf.41d63d9c3438d6c9f04d09958d992e3e.jpg,Tas_Var,0.5907,90.85,209.06,98.84,215.92
2026-05-21 16:27:51,1-3-46-670589-33-1-63738712076544920100001-5262560504645227519_png_jpg.rf.2256c712e5298fb1d068b9b5bd6b260f.jpg,Tas_Var,0.5729,90.09,208.65,99.05,216.37
2026-05-21 16:27:51,1-3-46-670589-33-1-63738790795811795900001-5522258459602207098_png_jpg.rf.eb9d2068c9f992781bb9814fb156c9e4.jpg,Tas_Var,0.3628,263.0,210.25,275.28,222.56
2026-05-21 16:27:51,1-3-46-670589-33-1-63738790795811795900001-5522258459602207098_png_jpg.rf.eb9d2068c9f992781bb9814fb156c9e4.jpg,Tas_Var,0.338,259.78,206.57,275.55,223.57
2026-05-21 16:27:51,1-3-46-670589-33-1-63738790795811795900001-5522258459602207098_png_jpg.rf.eb9d2068c9f992781bb9814fb156c9e4.jpg,Tas_Var,0.2875,261.9,211.48,272.96,221.69
2026-05-21 16:27:51,1-3-46-670589-33-1-63738790795811795900001-5522258459602207098_png_jpg.rf.eb9d2068c9f992781bb9814fb156c9e4.jpg,Tas_Var,0.2821,261.37,205.24,270.33,212.28
2026-05-21 16:27:51,1-3-46-670589-33-1-63738790795811795900001-5522258459602207098_png_jpg.rf.eb9d2068c9f992781bb9814fb156c9e4.jpg,Tas_Var,0.2667,259.51,207.79,268.34,214.65
2026-05-21 16:27:51,1-3-46-670589-33-1-63738790795811795900001-5522258459602207098_png_jpg.rf.eb9d2068c9f992781bb9814fb156c9e4.jpg,Tas_Var,0.1468,264.81,219.64,272.69,225.21
2026-05-21 16:27:51,1-3-46-670589-33-1-63738790795811795900001-5522258459602207098_png_jpg.rf.eb9d2068c9f992781bb9814fb156c9e4.jpg,Tas_Var,0.1369,264.14,218.76,271.82,224.23
2026-05-21 16:27:51,1-3-46-670589-33-1-63738790795811795900001-5522258459602207098_png_jpg.rf.eb9d2068c9f992781bb9814fb156c9e4.jpg,Tas_Var,0.1249,260.14,209.55,271.91,220.17
2026-05-21 16:27:51,1-3-46-670589-33-1-63738802300674836400001-5327638065247668022_png_jpg.rf.b2af98a9baeee013c0b25338cd109873.jpg,Tas_Var,0.478,299.33,207.37,308.28,215.99
2026-05-21 16:27:51,1-3-46-670589-33-1-63738802300674836400001-5327638065247668022_png_jpg.rf.b2af98a9baeee013c0b25338cd109873.jpg,Tas_Var,0.1249,297.05,206.79,310.87,216.19
2026-05-21 16:27:51,1-3-46-670589-33-1-63738957179044522400001-5409943715000019799_png_jpg.rf.2e53c9353b5d8b198b1ce0c679baad07.jpg,Tas_Var,0.6019,287.6,97.18,300.62,109.09
2026-05-21 16:27:51,1-3-46-670589-33-1-63738957179074524100001-5408839826702883633_png_jpg.rf.22cd2cfe17608bd6192184e5427f4543.jpg,Tas_Var,0.5999,288.25,95.4,303.44,108.77
2026-05-21 16:27:51,1-3-46-670589-33-1-63738962850935936000001-5585661387672826890_png_jpg.rf.84352e7d4390c45cf35e145194a23c63.jpg,Tas_Var,0.7025,66.89,253.67,106.85,280.6
2026-05-21 16:27:51,1-3-46-670589-33-1-63738962850935936000001-5585661387672826890_png_jpg.rf.84352e7d4390c45cf35e145194a23c63.jpg,Tas_Var,0.5171,62.14,288.16,76.01,302.11
2026-05-21 16:27:51,1-3-46-670589-33-1-63738962850935936000001-5585661387672826890_png_jpg.rf.84352e7d4390c45cf35e145194a23c63.jpg,Tas_Var,0.1488,60.52,287.26,78.46,303.48
2026-05-21 16:27:51,1-3-46-670589-33-1-63739062195410379400001-5653448602067015935_png_jpg.rf.98c0439158bf00599778b20933ad1ff9.jpg,Tas_Var,0.7843,284.51,180.31,312.46,202.66
2026-05-21 16:27:51,1-3-46-670589-33-1-63739062195468382700001-5218664360642519214_png_jpg.rf.010f0c3970dd5d410cff3733975dab0d.jpg,Tas_Var,0.8008,286.38,177.4,315.67,203.92
2026-05-21 16:27:51,1-3-46-670589-33-1-63739323961675419500001-4924993173499860596_png_jpg.rf.a0469746d691b54882df3b6bab1f572d.jpg,Tas_Var,0.5853,301.63,164.79,321.76,177.97
2026-05-21 16:27:51,1-3-46-670589-33-1-63739323961724422300001-4739168711678747511_png_jpg.rf.dbeb5256691c7fb946003ceac0fa6a08.jpg,Tas_Var,0.6631,300.65,162.21,326.59,181.59
2026-05-21 16:27:51,1-3-46-670589-33-1-63739391821497779300001-5433422355666233277_png_jpg.rf.4ee428144959e7af6db2cff013886aab.jpg,Tas_Var,0.6834,76.16,248.07,103.38,276.84
2026-05-21 16:27:51,1-3-46-670589-33-1-63739391821497779300001-5433422355666233277_png_jpg.rf.4ee428144959e7af6db2cff013886aab.jpg,Tas_Var,0.4455,61.96,218.68,77.6,229.75
2026-05-21 16:27:51,1-3-46-670589-33-1-63739391821497779300001-5433422355666233277_png_jpg.rf.4ee428144959e7af6db2cff013886aab.jpg,Tas_Var,0.2824,65.39,228.2,78.19,235.68
2026-05-21 16:27:51,1-3-46-670589-33-1-63739391821497779300001-5433422355666233277_png_jpg.rf.4ee428144959e7af6db2cff013886aab.jpg,Tas_Var,0.1976,62.08,221.8,79.67,237.6
2026-05-21 16:27:51,1-3-46-670589-33-1-63739391821497779300001-5433422355666233277_png_jpg.rf.4ee428144959e7af6db2cff013886aab.jpg,Tas_Var,0.1788,62.26,219.1,77.59,235.22
2026-05-21 16:27:51,1-3-46-670589-33-1-63739391821497779300001-5433422355666233277_png_jpg.rf.4ee428144959e7af6db2cff013886aab.jpg,Tas_Var,0.1596,66.55,229.35,76.99,236.2
2026-05-21 16:27:51,1-3-46-670589-33-1-63739391821525780900001-5108486655690178522_png_jpg.rf.4caf1c26455d6118d2aa8af9d7e3aa75.jpg,Tas_Var,0.45,80.18,254.45,101.45,272.46
2026-05-21 16:27:51,1-3-46-670589-33-1-63739391821525780900001-5108486655690178522_png_jpg.rf.4caf1c26455d6118d2aa8af9d7e3aa75.jpg,Tas_Var,0.3935,99.21,251.57,112.44,265.12
2026-05-21 16:27:51,1-3-46-670589-33-1-63739391821525780900001-5108486655690178522_png_jpg.rf.4caf1c26455d6118d2aa8af9d7e3aa75.jpg,Tas_Var,0.3411,358.63,184.15,366.36,190.81
2026-05-21 16:27:51,1-3-46-670589-33-1-63739391821525780900001-5108486655690178522_png_jpg.rf.4caf1c26455d6118d2aa8af9d7e3aa75.jpg,Tas_Var,0.3399,61.65,220.42,79.59,237.69
2026-05-21 16:27:51,1-3-46-670589-33-1-63739391821525780900001-5108486655690178522_png_jpg.rf.4caf1c26455d6118d2aa8af9d7e3aa75.jpg,Tas_Var,0.231,61.09,219.64,77.68,232.67
2026-05-21 16:27:51,1-3-46-670589-33-1-63739391821525780900001-5108486655690178522_png_jpg.rf.4caf1c26455d6118d2aa8af9d7e3aa75.jpg,Tas_Var,0.212,100.03,255.49,110.72,265.58
2026-05-21 16:27:51,1-3-46-670589-33-1-63739391821525780900001-5108486655690178522_png_jpg.rf.4caf1c26455d6118d2aa8af9d7e3aa75.jpg,Tas_Var,0.1965,65.26,228.84,78.3,237.09
2026-05-21 16:27:51,1-3-46-670589-33-1-63739391821525780900001-5108486655690178522_png_jpg.rf.4caf1c26455d6118d2aa8af9d7e3aa75.jpg,Tas_Var,0.1733,74.98,251.62,103.7,274.5
2026-05-21 16:27:51,1-3-46-670589-33-1-63739391821525780900001-5108486655690178522_png_jpg.rf.4caf1c26455d6118d2aa8af9d7e3aa75.jpg,Tas_Var,0.1323,59.1,219.41,76.89,236.88
2026-05-21 16:27:51,1-3-46-670589-33-1-63739391821525780900001-5108486655690178522_png_jpg.rf.4caf1c26455d6118d2aa8af9d7e3aa75.jpg,Tas_Var,0.1144,63.56,225.37,79.08,237.53
2026-05-21 16:27:51,1-3-46-670589-33-1-63739476574564149600001-5439781160937608718_png_jpg.rf.9d41594a6d586bb6256b8b0ecf14c37a.jpg,Tas_Var,0.6864,75.01,196.11,109.11,219.78
2026-05-21 16:27:51,1-3-46-670589-33-1-63739476574598151500001-4717916049937277621_png_jpg.rf.bdaff9165898dfefa7c60684fc2b0d4c.jpg,Tas_Var,0.7622,75.89,195.59,105.29,217.95
2026-05-21 16:27:51,1-3-46-670589-33-1-63740171276284352500001-5536100503549537984_png_jpg.rf.6c752f372102c35841b912700635b52c.jpg,Tas_Var,0.3192,81.68,149.3,92.44,157.4
2026-05-21 16:27:51,1-3-46-670589-33-1-63740171276284352500001-5536100503549537984_png_jpg.rf.6c752f372102c35841b912700635b52c.jpg,Tas_Var,0.3112,83.25,148.16,93.28,156.88
2026-05-21 16:27:51,1-3-46-670589-33-1-63740171276284352500001-5536100503549537984_png_jpg.rf.6c752f372102c35841b912700635b52c.jpg,Tas_Var,0.2844,77.78,150.33,88.06,157.98
2026-05-21 16:27:51,1-3-46-670589-33-1-63740171276284352500001-5536100503549537984_png_jpg.rf.6c752f372102c35841b912700635b52c.jpg,Tas_Var,0.2648,83.89,146.56,93.37,153.28
2026-05-21 16:27:51,1-3-46-670589-33-1-63740171276284352500001-5536100503549537984_png_jpg.rf.6c752f372102c35841b912700635b52c.jpg,Tas_Var,0.2577,82.86,146.56,91.84,152.49
2026-05-21 16:27:51,1-3-46-670589-33-1-63740171276284352500001-5536100503549537984_png_jpg.rf.6c752f372102c35841b912700635b52c.jpg,Tas_Var,0.2445,79.77,149.45,89.69,157.71
2026-05-21 16:27:51,1-3-46-670589-33-1-63740182336793977500001-5411618083031416674_png_jpg.rf.e5633e55c0ecfc3f3df68ae9cc6ac411.jpg,Tas_Var,0.586,292.97,192.69,300.61,199.8
2026-05-21 16:27:51,1-3-46-670589-33-1-63740603851327033200001-4922091647392565521_png_jpg.rf.bc80c50937c24b91dfea47c556fb48ee.jpg,Tas_Var,0.4565,113.93,216.65,126.8,225.87
2026-05-21 16:27:51,1-3-46-670589-33-1-63740603851327033200001-4922091647392565521_png_jpg.rf.bc80c50937c24b91dfea47c556fb48ee.jpg,Tas_Var,0.3689,115.28,213.96,129.2,222.1
2026-05-21 16:27:51,1-3-46-670589-33-1-63740603851327033200001-4922091647392565521_png_jpg.rf.bc80c50937c24b91dfea47c556fb48ee.jpg,Tas_Var,0.3038,114.25,214.31,128.49,225.85
2026-05-21 16:27:51,1-3-46-670589-33-1-63740603851327033200001-4922091647392565521_png_jpg.rf.bc80c50937c24b91dfea47c556fb48ee.jpg,Tas_Var,0.1908,115.15,213.63,131.52,224.01
2026-05-21 16:27:52,1-3-46-670589-33-1-63740603851401037500001-5653962457778157128_png_jpg.rf.b445c412045a7ec8222fdc54adc5f966.jpg,Tas_Var,0.7913,101.82,206.18,128.03,235.53
2026-05-21 16:27:52,1-3-46-670589-33-1-63740776755054623500001-5096250249767122026_png_jpg.rf.a6d8a3a084e145ba0c32c21f289e90e0.jpg,Tas_Var,0.5406,305.95,261.59,320.42,274.51
2026-05-21 16:27:52,1-3-46-670589-33-1-63740776755089625500001-5715333660514809165_png_jpg.rf.cc64673ae8ce9ed7ba042d2717fa0056.jpg,Tas_Var,0.5712,304.94,258.68,321.52,275.23
2026-05-21 16:27:52,1-3-46-670589-33-1-63740776755089625500001-5715333660514809165_png_jpg.rf.cc64673ae8ce9ed7ba042d2717fa0056.jpg,Tas_Var,0.1941,306.1,259.54,320.06,272.11
2026-05-21 16:27:52,1-3-46-670589-33-1-63740776755089625500001-5715333660514809165_png_jpg.rf.cc64673ae8ce9ed7ba042d2717fa0056.jpg,Tas_Var,0.182,302.85,257.03,323.71,276.63
2026-05-21 16:27:52,1-3-46-670589-33-1-63740863580145779300001-5738206214797884235_png_jpg.rf.813f84efb853afe1a7c011cfdbc5bfdb.jpg,Tas_Var,0.7682,256.2,228.7,272.5,245.18
2026-05-21 16:27:52,1-3-46-670589-33-1-63740863580145779300001-5738206214797884235_png_jpg.rf.813f84efb853afe1a7c011cfdbc5bfdb.jpg,Tas_Var,0.6384,242.58,241.13,252.27,249.98
2026-05-21 16:27:52,1-3-46-670589-33-1-63740863580145779300001-5738206214797884235_png_jpg.rf.813f84efb853afe1a7c011cfdbc5bfdb.jpg,Tas_Var,0.1876,257.1,229.97,269.66,242.44
2026-05-21 16:27:52,1-3-46-670589-33-1-63740863580178781200001-5086422129430942692_png_jpg.rf.c140dab363dde8a657b4e0c672251779.jpg,Tas_Var,0.7872,254.61,224.33,272.95,243.51
2026-05-21 16:27:52,1-3-46-670589-33-1-63740863580178781200001-5086422129430942692_png_jpg.rf.c140dab363dde8a657b4e0c672251779.jpg,Tas_Var,0.6337,260.55,241.8,276.3,254.37
2026-05-21 16:27:52,1-3-46-670589-33-1-63740863580178781200001-5086422129430942692_png_jpg.rf.c140dab363dde8a657b4e0c672251779.jpg,Tas_Var,0.3146,254.39,224.4,267.56,240.57
2026-05-21 16:27:52,1-3-46-670589-33-1-63740863580178781200001-5086422129430942692_png_jpg.rf.c140dab363dde8a657b4e0c672251779.jpg,Tas_Var,0.1048,256.43,225.97,277.48,256.26
2026-05-21 16:27:52,1-3-46-670589-33-1-63740863580218783500001-5558521882885011993_png_jpg.rf.2fb14f6a674b0c7cb403f2b1e8da4215.jpg,Tas_Var,0.6089,254.5,237.47,281.41,257.73
2026-05-21 16:27:52,1-3-46-670589-33-1-63740863580218783500001-5558521882885011993_png_jpg.rf.2fb14f6a674b0c7cb403f2b1e8da4215.jpg,Tas_Var,0.1339,256.51,226.64,265.56,235.74
2026-05-21 16:27:52,1-3-46-670589-33-1-63740863580251785300001-5117110417075166265_png_jpg.rf.8d97967148ac132c7b84edf4a7a2cf99.jpg,Tas_Var,0.6582,255.38,240.42,280.85,258.18
2026-05-21 16:27:52,1-3-46-670589-33-1-63740863580251785300001-5117110417075166265_png_jpg.rf.8d97967148ac132c7b84edf4a7a2cf99.jpg,Tas_Var,0.1235,258.83,242.15,279.89,255.98
2026-05-21 16:27:52,1-3-46-670589-33-1-63741124799968194600001-5226103760366600348_png_jpg.rf.dd21b253d48ea5394c015dd3c4c7baa1.jpg,Tas_Var,0.5623,283.93,248.98,312.86,273.17
2026-05-21 16:27:52,1-3-46-670589-33-1-63741124799968194600001-5226103760366600348_png_jpg.rf.dd21b253d48ea5394c015dd3c4c7baa1.jpg,Tas_Var,0.2084,94.46,236.36,105.1,243.95
2026-05-21 16:27:52,1-3-46-670589-33-1-63741124800042198800001-5620738533970805933_png_jpg.rf.4fcc14fc70278a025316a0bd3ac8c041.jpg,Tas_Var,0.6656,254.73,227.82,320.61,283.13
2026-05-21 16:27:52,1-3-46-670589-33-1-63741124800130203900001-5588831013201724390_png_jpg.rf.a6a8bd9fc7caa4bea7dbe463acc3e107.jpg,Tas_Var,0.8134,260.72,225.13,314.04,267.99
2026-05-21 16:27:52,1-3-46-670589-33-1-63741124800310214100001-4720519192278742503_png_jpg.rf.bbe6f1a7a488baad44ab26628b67b2c0.jpg,Tas_Var,0.7141,284.75,205.03,310.52,235.0
2026-05-21 16:27:52,1-3-46-670589-33-1-63741124800310214100001-4720519192278742503_png_jpg.rf.bbe6f1a7a488baad44ab26628b67b2c0.jpg,Tas_Var,0.5854,298.77,238.42,315.25,256.01
2026-05-21 16:27:52,1-3-46-670589-33-1-63741124800443221800001-5082720743108815097_png_jpg.rf.2661995bf870c49d3af1255e0df65ed9.jpg,Tas_Var,0.5196,287.64,205.59,301.34,215.88
2026-05-21 16:27:52,1-3-46-670589-33-1-63741124800443221800001-5082720743108815097_png_jpg.rf.2661995bf870c49d3af1255e0df65ed9.jpg,Tas_Var,0.167,283.39,203.7,300.29,216.38
2026-05-21 16:27:52,1-3-46-670589-33-1-63741124800443221800001-5082720743108815097_png_jpg.rf.2661995bf870c49d3af1255e0df65ed9.jpg,Tas_Var,0.1102,286.43,205.09,303.26,217.11
2026-05-21 16:27:52,1-3-46-670589-33-1-63741210469363203700001-5207129079094969383_png_jpg.rf.80f02c0e92710147b575da5b1c8955a8.jpg,Tas_Var,0.509,264.2,134.49,272.79,142.93
2026-05-21 16:27:52,1-3-46-670589-33-1-63741210469363203700001-5207129079094969383_png_jpg.rf.80f02c0e92710147b575da5b1c8955a8.jpg,Tas_Var,0.4776,258.7,149.87,267.83,157.14
2026-05-21 16:27:52,1-3-46-670589-33-1-63741210469363203700001-5207129079094969383_png_jpg.rf.80f02c0e92710147b575da5b1c8955a8.jpg,Tas_Var,0.2507,265.35,133.83,274.59,143.52
2026-05-21 16:27:52,1-3-46-670589-33-1-63741294924210744700001-5683531657603489849_png_jpg.rf.aa3cbe8fe88c6f8a7ae446b2a75f3f92.jpg,Tas_Var,0.7071,112.71,269.56,130.56,288.02
2026-05-21 16:27:52,1-3-46-670589-33-1-63741294924248746800001-5006117639889310336_png_jpg.rf.4d8cfc579a4e01ffc2e34e26bb4622f6.jpg,Tas_Var,0.5453,115.69,270.03,127.36,282.53
2026-05-21 16:27:52,1-3-46-670589-33-1-63741294924248746800001-5006117639889310336_png_jpg.rf.4d8cfc579a4e01ffc2e34e26bb4622f6.jpg,Tas_Var,0.2533,113.72,271.08,125.49,282.62
2026-05-21 16:27:52,1-3-46-670589-33-1-63741294924341752200001-5737252104776306241_png_jpg.rf.c197a107f4dfd4e4687e24d668168a0a.jpg,Tas_Var,0.4314,266.18,217.92,276.72,226.27
2026-05-21 16:27:52,1-3-46-670589-33-1-63741294924341752200001-5737252104776306241_png_jpg.rf.c197a107f4dfd4e4687e24d668168a0a.jpg,Tas_Var,0.3009,266.17,219.55,276.8,229.09
2026-05-21 16:27:52,1-3-46-670589-33-1-63741294924341752200001-5737252104776306241_png_jpg.rf.c197a107f4dfd4e4687e24d668168a0a.jpg,Tas_Var,0.1924,80.45,254.6,87.66,260.37
2026-05-21 16:27:52,1-3-46-670589-33-1-63741294924341752200001-5737252104776306241_png_jpg.rf.c197a107f4dfd4e4687e24d668168a0a.jpg,Tas_Var,0.1211,266.41,221.65,278.45,229.49
2026-05-21 16:27:52,1-3-46-670589-33-1-63741294924448758300001-5675975946400058540_png_jpg.rf.c5fa641bd708da4cd5a8ace3ecff0fef.jpg,Tas_Var,0.712,266.16,214.37,285.99,232.06
2026-05-21 16:27:52,1-3-46-670589-33-1-63741294924448758300001-5675975946400058540_png_jpg.rf.c5fa641bd708da4cd5a8ace3ecff0fef.jpg,Tas_Var,0.4487,81.02,254.2,89.1,259.77
2026-05-21 16:27:52,1-3-46-670589-33-1-63741294924448758300001-5675975946400058540_png_jpg.rf.c5fa641bd708da4cd5a8ace3ecff0fef.jpg,Tas_Var,0.3767,288.37,248.33,295.72,254.11
2026-05-21 16:27:52,1-3-46-670589-33-1-63741294924448758300001-5675975946400058540_png_jpg.rf.c5fa641bd708da4cd5a8ace3ecff0fef.jpg,Tas_Var,0.295,289.85,248.46,296.64,254.18
2026-05-21 16:27:52,1-3-46-670589-33-1-63741294924448758300001-5675975946400058540_png_jpg.rf.c5fa641bd708da4cd5a8ace3ecff0fef.jpg,Tas_Var,0.1227,81.68,253.9,91.16,260.33
2026-05-21 16:27:52,1-3-46-670589-33-1-63741294924489760600001-5389065497535856101_png_jpg.rf.0a6c724d073923e3c678bcb59e79980c.jpg,Tas_Var,0.6677,268.21,213.98,284.78,226.42
2026-05-21 16:27:52,1-3-46-670589-33-1-63741467279526392800001-4770571118760501971_png_jpg.rf.68ee22f61fbbb636a8586b24471c2690.jpg,Tas_Var,0.5742,274.15,253.83,314.32,292.67
2026-05-21 16:27:52,1-3-46-670589-33-1-63741467279526392800001-4770571118760501971_png_jpg.rf.68ee22f61fbbb636a8586b24471c2690.jpg,Tas_Var,0.4067,275.31,254.38,303.05,288.09
2026-05-21 16:27:52,1-3-46-670589-33-1-63741467279526392800001-4770571118760501971_png_jpg.rf.68ee22f61fbbb636a8586b24471c2690.jpg,Tas_Var,0.1471,276.36,254.28,302.43,279.02
2026-05-21 16:27:52,1-3-46-670589-33-1-63741467279569395300001-4987275607072780944_png_jpg.rf.e69a5d34ddb4075908185b3a8244a1d5.jpg,Tas_Var,0.5816,274.53,253.69,302.76,287.2
2026-05-21 16:27:52,1-3-46-670589-33-1-63741467279569395300001-4987275607072780944_png_jpg.rf.e69a5d34ddb4075908185b3a8244a1d5.jpg,Tas_Var,0.5318,273.22,252.9,313.12,291.4
2026-05-21 16:27:52,1-3-46-670589-33-1-63741736586529041200001-5705137549013784232_png_jpg.rf.5898be3563e8ee88ee98154d6be94a55.jpg,Tas_Var,0.6073,118.19,177.91,131.05,191.21
2026-05-21 16:27:53,1-3-46-670589-33-1-63741736586601045300001-5653145914170335853_png_jpg.rf.1ddd466cdd9d53b1d230a680848d709e.jpg,Tas_Var,0.4087,118.0,180.73,126.88,188.09
2026-05-21 16:27:53,1-3-46-670589-33-1-63741742547533991200001-4692411709729471462_png_jpg.rf.b367d9d12a074a9a2030e1a6761c702c.jpg,Tas_Var,0.4983,87.17,164.25,97.52,173.36
2026-05-21 16:27:53,1-3-46-670589-33-1-63741742547533991200001-4692411709729471462_png_jpg.rf.b367d9d12a074a9a2030e1a6761c702c.jpg,Tas_Var,0.3445,96.51,138.4,104.02,144.63
2026-05-21 16:27:53,1-3-46-670589-33-1-63741742547533991200001-4692411709729471462_png_jpg.rf.b367d9d12a074a9a2030e1a6761c702c.jpg,Tas_Var,0.2101,88.61,163.45,99.51,173.92
2026-05-21 16:27:53,1-3-46-670589-33-1-63741742547563992900001-4813696569989847626_png_jpg.rf.d120dd9eb2922de504cdac0a020eec69.jpg,Tas_Var,0.5168,95.47,136.45,106.36,147.34
2026-05-21 16:27:53,1-3-46-670589-33-1-63741807855851697400001-4668128765309155012_png_jpg.rf.d90c488d99c9f59fe506186cb73e51bb.jpg,Tas_Var,0.7823,284.02,173.07,310.33,196.0
2026-05-21 16:27:53,1-3-46-670589-33-1-63741807855851697400001-4668128765309155012_png_jpg.rf.d90c488d99c9f59fe506186cb73e51bb.jpg,Tas_Var,0.5368,284.04,193.99,297.95,206.25
2026-05-21 16:27:53,1-3-46-670589-33-1-63741807855851697400001-4668128765309155012_png_jpg.rf.d90c488d99c9f59fe506186cb73e51bb.jpg,Tas_Var,0.3448,275.7,202.74,289.68,210.26
2026-05-21 16:27:53,1-3-46-670589-33-1-63741807855851697400001-4668128765309155012_png_jpg.rf.d90c488d99c9f59fe506186cb73e51bb.jpg,Tas_Var,0.2907,280.23,203.47,291.62,210.45
2026-05-21 16:27:53,1-3-46-670589-33-1-63741807855851697400001-4668128765309155012_png_jpg.rf.d90c488d99c9f59fe506186cb73e51bb.jpg,Tas_Var,0.2061,277.82,204.02,291.75,211.96
2026-05-21 16:27:53,1-3-46-670589-33-1-63741807855851697400001-4668128765309155012_png_jpg.rf.d90c488d99c9f59fe506186cb73e51bb.jpg,Tas_Var,0.1752,280.87,195.58,298.28,209.49
2026-05-21 16:27:53,1-3-46-670589-33-1-63741807855851697400001-4668128765309155012_png_jpg.rf.d90c488d99c9f59fe506186cb73e51bb.jpg,Tas_Var,0.1549,274.62,202.71,291.89,212.25
2026-05-21 16:27:53,1-3-46-670589-33-1-63741807855851697400001-4668128765309155012_png_jpg.rf.d90c488d99c9f59fe506186cb73e51bb.jpg,Tas_Var,0.1144,282.57,202.45,293.54,209.36
2026-05-21 16:27:53,1-3-46-670589-33-1-63741807855890699700001-4907588049082837513_png_jpg.rf.bdfab3beeb6f06e4a84bea1be29819fc.jpg,Tas_Var,0.7316,283.73,176.09,309.61,194.66
2026-05-21 16:27:53,1-3-46-670589-33-1-63741807855890699700001-4907588049082837513_png_jpg.rf.bdfab3beeb6f06e4a84bea1be29819fc.jpg,Tas_Var,0.3096,278.38,196.67,295.3,206.49
2026-05-21 16:27:53,1-3-46-670589-33-1-63741807855890699700001-4907588049082837513_png_jpg.rf.bdfab3beeb6f06e4a84bea1be29819fc.jpg,Tas_Var,0.308,297.03,184.23,309.57,193.05
2026-05-21 16:27:53,1-3-46-670589-33-1-63742411918650702800001-4846811686601840839_png_jpg.rf.c7fdec8546601c5e51e70a059148f2bf.jpg,Tas_Var,0.5564,116.17,238.34,122.95,243.85
2026-05-21 16:27:53,1-3-46-670589-33-1-63742411918650702800001-4846811686601840839_png_jpg.rf.c7fdec8546601c5e51e70a059148f2bf.jpg,Tas_Var,0.5403,283.55,249.71,292.66,258.09
2026-05-21 16:27:53,1-3-46-670589-33-1-63742414253972275600001-5472557700106786954_png_jpg.rf.2eaff0bf29d5ec6f8728d7ea0c51a4a1.jpg,Tas_Var,0.5053,71.21,232.23,80.88,239.46
2026-05-21 16:27:53,1-3-46-670589-33-1-63742414253972275600001-5472557700106786954_png_jpg.rf.2eaff0bf29d5ec6f8728d7ea0c51a4a1.jpg,Tas_Var,0.3771,65.88,249.43,75.66,257.02
2026-05-21 16:27:53,1-3-46-670589-33-1-63742414253972275600001-5472557700106786954_png_jpg.rf.2eaff0bf29d5ec6f8728d7ea0c51a4a1.jpg,Tas_Var,0.2764,65.94,247.75,76.81,257.62
2026-05-21 16:27:53,1-3-46-670589-33-1-63742414253972275600001-5472557700106786954_png_jpg.rf.2eaff0bf29d5ec6f8728d7ea0c51a4a1.jpg,Tas_Var,0.2466,70.74,230.9,82.32,239.66
2026-05-21 16:27:53,1-3-46-670589-33-1-63742414254071281200001-5199201186977930207_png_jpg.rf.3712dc035190e6f6f9770a51d306e040.jpg,Tas_Var,0.4403,80.56,232.94,90.73,240.89
2026-05-21 16:27:53,1-3-46-670589-33-1-63742414254071281200001-5199201186977930207_png_jpg.rf.3712dc035190e6f6f9770a51d306e040.jpg,Tas_Var,0.23,80.16,231.96,92.96,241.96
2026-05-21 16:27:53,1-3-46-670589-33-1-63742414254071281200001-5199201186977930207_png_jpg.rf.3712dc035190e6f6f9770a51d306e040.jpg,Tas_Var,0.1711,276.01,240.7,284.09,246.95
2026-05-21 16:27:53,1-3-46-670589-33-1-63742414254117283900001-5038436008074711175_png_jpg.rf.727256debe0b69a6b199349acf584ab0.jpg,Tas_Var,0.5446,322.57,217.39,334.64,228.42
2026-05-21 16:27:53,1-3-46-670589-33-1-63742414254117283900001-5038436008074711175_png_jpg.rf.727256debe0b69a6b199349acf584ab0.jpg,Tas_Var,0.4707,79.83,232.25,90.74,241.13
2026-05-21 16:27:53,1-3-46-670589-33-1-63742414254117283900001-5038436008074711175_png_jpg.rf.727256debe0b69a6b199349acf584ab0.jpg,Tas_Var,0.1908,78.37,231.23,91.45,242.06
2026-05-21 16:27:53,1-3-46-670589-33-1-63742414254175287200001-5117478622886794000_png_jpg.rf.ebca7f6aa7bb26247ad62d333baebc68.jpg,Tas_Var,0.5654,324.31,217.95,335.22,226.88
2026-05-21 16:27:53,1-3-46-670589-33-1-63742500641013920000001-4736692753633727997_png_jpg.rf.25c7e0a9fe00ed38f512ddd6f63cf3cb.jpg,Tas_Var,0.7147,44.97,211.93,68.56,235.12
2026-05-21 16:27:53,1-3-46-670589-33-1-63742500641013920000001-4736692753633727997_png_jpg.rf.25c7e0a9fe00ed38f512ddd6f63cf3cb.jpg,Tas_Var,0.4426,296.67,234.45,304.45,240.99
2026-05-21 16:27:53,1-3-46-670589-33-1-63742500641047921900001-5432446600076880623_png_jpg.rf.3980c6219cf1cfc92101f408bbd3a5aa.jpg,Tas_Var,0.5632,48.1,211.67,67.84,230.7
2026-05-21 16:27:53,1-3-46-670589-33-1-63742678653846928000001-5308440518832031451_png_jpg.rf.115cdf761943a8faaa63e13139c24f56.jpg,Tas_Var,0.5414,330.41,212.27,338.44,218.91
2026-05-21 16:27:53,1-3-46-670589-33-1-63742939456580448800001-4663254346399718819_png_jpg.rf.9c5d4e116bec0275104b14b3f7b5b10e.jpg,Tas_Var,0.4051,323.4,264.91,333.53,273.93
2026-05-21 16:27:53,1-3-46-670589-33-1-63742939456580448800001-4663254346399718819_png_jpg.rf.9c5d4e116bec0275104b14b3f7b5b10e.jpg,Tas_Var,0.1011,213.07,275.73,223.9,285.78
2026-05-21 16:27:53,1-3-46-670589-33-1-63742939456616450900001-5200753212886535539_png_jpg.rf.4c74939464255c6495fddb61d831df4f.jpg,Tas_Var,0.4554,322.68,262.38,336.97,271.9
2026-05-21 16:27:53,1-3-46-670589-33-1-63742939456749458500001-4962227765358704856_png_jpg.rf.9e1bcdf85edc4c26b13e14e896cd7fae.jpg,Tas_Var,0.5467,320.67,246.18,331.26,254.79
2026-05-21 16:27:53,1-3-46-670589-33-1-63742939456749458500001-4962227765358704856_png_jpg.rf.9e1bcdf85edc4c26b13e14e896cd7fae.jpg,Tas_Var,0.3159,95.49,211.3,102.59,216.68
2026-05-21 16:27:53,1-3-46-670589-33-1-63742939456749458500001-4962227765358704856_png_jpg.rf.9e1bcdf85edc4c26b13e14e896cd7fae.jpg,Tas_Var,0.1433,94.47,210.71,101.88,216.14
2026-05-21 16:27:53,1-3-46-670589-33-1-63742939456749458500001-4962227765358704856_png_jpg.rf.9e1bcdf85edc4c26b13e14e896cd7fae.jpg,Tas_Var,0.1042,319.56,245.04,332.72,256.1
2026-05-21 16:27:53,1-3-46-670589-33-1-63743022346943480100001-5056079291509312712_png_jpg.rf.04a78eccdbc86bc603e24d4b9224a27d.jpg,Tas_Var,0.6241,97.83,209.87,125.36,233.33
2026-05-21 16:27:53,1-3-46-670589-33-1-63743022346943480100001-5056079291509312712_png_jpg.rf.04a78eccdbc86bc603e24d4b9224a27d.jpg,Tas_Var,0.2784,80.37,209.86,87.04,215.42
2026-05-21 16:27:53,1-3-46-670589-33-1-63743022346943480100001-5056079291509312712_png_jpg.rf.04a78eccdbc86bc603e24d4b9224a27d.jpg,Tas_Var,0.2383,98.87,216.23,121.99,231.96
2026-05-21 16:27:53,1-3-46-670589-33-1-63743022346943480100001-5056079291509312712_png_jpg.rf.04a78eccdbc86bc603e24d4b9224a27d.jpg,Tas_Var,0.1028,81.53,210.65,86.88,215.56
2026-05-21 16:27:53,1-3-46-670589-33-1-63743022347069487300001-5100284836990062688_png_jpg.rf.a63070c6a45f65acabf6e15dbb645a92.jpg,Tas_Var,0.564,88.17,211.59,98.49,220.82
2026-05-21 16:37:43,test3.jpg,no_detection,0.0,,,,
2026-05-21 16:37:58,1-3-46-670589-33-1-63703718086120120200001-5487554579919763006_png_jpg.rf.9fd67251e99a47dbe83a5db6efe6c016.jpg,no_detection,0.0,,,,
2026-05-21 16:37:58,1-3-46-670589-33-1-63705534438365105500001-5275982036206127404_png_jpg.rf.365c4daf2b772012fe47e07b9daec86e.jpg,no_detection,0.0,,,,
2026-05-21 16:37:58,1-3-46-670589-33-1-63705540012666937300001-5673688970564737961_png_jpg.rf.15cca2fecc5f56865de3eb405476b90d.jpg,no_detection,0.0,,,,
2026-05-21 16:37:58,1-3-46-670589-33-1-63705542123217653900001-5305208767418446842_png_jpg.rf.d6f32a0ac819e4f2a870edfc1ce8079b.jpg,no_detection,0.0,,,,
2026-05-21 16:37:58,1-3-46-670589-33-1-63705542123253656000001-4874858110489948158_png_jpg.rf.d79767eb8378783858ea648a8852c859.jpg,no_detection,0.0,,,,
2026-05-21 16:37:59,1-3-46-670589-33-1-63706052409136049800001-4885266517035478638_png_jpg.rf.403057fc6d27ba2b8a1020faf23ea6e8.jpg,no_detection,0.0,,,,
2026-05-21 16:37:59,1-3-46-670589-33-1-63708127596145343100001-4627297054586587945_png_jpg.rf.08b0ce91b3f33c2e333fa6b6a1fd3b19.jpg,no_detection,0.0,,,,
2026-05-21 16:37:59,1-3-46-670589-33-1-63709079072689291800001-4862263206834957747_png_jpg.rf.cd218d4ed600ad3b24e4af71077096bd.jpg,no_detection,0.0,,,,
2026-05-21 16:37:59,1-3-46-670589-33-1-63709084528362338400001-4912820873516884035_png_jpg.rf.f90314744947b62d675720abfbabe788.jpg,no_detection,0.0,,,,
2026-05-21 16:37:59,1-3-46-670589-33-1-63711136318804220000001-5037705534676835423_png_jpg.rf.7548934bf8faa3895e23ab4416f079f2.jpg,no_detection,0.0,,,,
2026-05-21 17:01:27,test2.jpg,no_detection,0.0,,,,
2026-05-21 17:01:45,test3.jpg,no_detection,0.0,,,,
2026-05-21 17:01:59,test3.jpg,no_detection,0.0,,,,
2026-05-21 17:02:11,test.jpg,no_detection,0.0,,,,
2026-05-21 17:02:22,test.jpg,no_detection,0.0,,,,
2026-05-21 17:11:35,test3.jpg,Tas_Var,0.3228,216.06,833.29,236.94,858.66
2026-05-21 17:11:35,test3.jpg,Tas_Var,0.3074,219.54,852.76,236.98,864.14
2026-05-21 17:11:35,test3.jpg,Tas_Var,0.2558,563.35,297.95,580.1,315.25
2026-05-21 17:11:35,test3.jpg,Tas_Var,0.2351,569.58,846.55,589.34,864.1
2026-05-21 17:11:35,test3.jpg,Tas_Var,0.2148,563.83,306.93,579.03,320.69
2026-05-21 17:11:35,test3.jpg,Tas_Var,0.2146,567.16,832.28,588.96,861.51
2026-05-21 17:11:35,test3.jpg,Tas_Var,0.2058,562.15,266.51,583.09,280.65
2026-05-21 17:11:35,test3.jpg,Tas_Var,0.1881,210.29,808.93,233.16,822.87
2026-05-21 17:11:35,test3.jpg,Tas_Var,0.1582,208.0,294.39,229.37,321.92
2026-05-21 17:11:35,test3.jpg,Tas_Var,0.1558,562.03,809.53,586.49,823.32
2026-05-21 17:11:35,test3.jpg,Tas_Var,0.1284,212.45,267.9,233.24,281.18
2026-05-21 17:11:35,test3.jpg,Tas_Var,0.1217,570.06,881.69,593.24,895.93
2026-05-21 17:11:35,test3.jpg,Tas_Var,0.119,564.93,339.65,590.26,354.56
2026-05-21 17:11:35,test3.jpg,Tas_Var,0.1181,205.85,809.44,229.14,823.43
2026-05-21 17:11:35,test3.jpg,Tas_Var,0.1124,207.31,304.35,229.86,328.4
2026-05-21 17:11:35,test3.jpg,Tas_Var,0.111,559.54,339.92,583.03,354.01
2026-05-21 17:11:35,test3.jpg,Tas_Var,0.1097,209.23,822.45,236.0,860.96
2026-05-21 17:11:35,test3.jpg,Tas_Var,0.1096,584.62,879.37,603.31,892.32
2026-05-21 17:11:50,test2.jpg,no_detection,0.0,,,,
2026-05-21 17:12:02,test1.jpg,Tas_Var,0.5343,29.44,113.21,48.53,131.42
